pdf_name,md_name,updated,flagged,reason,alpha_ratio,keyword_hits,pii_nic,pii_slmc,pii_email,pii_phone
EPID_Immunization_en_643fbf99965af_en_643fb3a602ce1_VPD.pdf,PDF_EXTRACT_EPID_Immunization_en_643fbf99965af_en_643fb3a602ce1_VPD.md,0,1,EXCEPTION:onnxruntime is not installed.,,,,,,
EPID_Immunization_en_6895bbe31ca92_Chikungunya_-_Situation_Report_Updated_05-08-2025.pdf,PDF_EXTRACT_EPID_Immunization_en_6895bbe31ca92_Chikungunya_-_Situation_Report_Updated_05-08-2025.md,0,1,EXCEPTION:onnxruntime is not installed.,,,,,,
EPID_Immunization_en_68a7e565a6832_FINAL_NIS_2025_Report_-_18.08.2025_compressed.pdf,PDF_EXTRACT_EPID_Immunization_en_68a7e565a6832_FINAL_NIS_2025_Report_-_18.08.2025_compressed.md,0,1,EXCEPTION:onnxruntime is not installed.,,,,,,
EPID_Immunization_en_68c27a665bbd2_Chikungunya_-_Situation_Report_Updated_31-08-2025.pdf,PDF_EXTRACT_EPID_Immunization_en_68c27a665bbd2_Chikungunya_-_Situation_Report_Updated_31-08-2025.md,0,1,EXCEPTION:onnxruntime is not installed.,,,,,,
EPID_Immunization_en_6903083a5274f_Chikungunya_Situation_Report_30_09_2025.pdf,PDF_EXTRACT_EPID_Immunization_en_6903083a5274f_Chikungunya_Situation_Report_30_09_2025.md,0,1,EXCEPTION:onnxruntime is not installed.,,,,,,
EPID_Immunization_en_691ee2b32668a_Chikungunya_surveillance.pdf,PDF_EXTRACT_EPID_Immunization_en_691ee2b32668a_Chikungunya_surveillance.md,0,1,EXCEPTION:onnxruntime is not installed.,,,,,,
EPID_Immunization_en_69206beb3b661_Chikungunya_-_Situation_Report_Updated_31-10-2025.pdf,PDF_EXTRACT_EPID_Immunization_en_69206beb3b661_Chikungunya_-_Situation_Report_Updated_31-10-2025.md,0,1,EXCEPTION:onnxruntime is not installed.,,,,,,
EPID_Immunization_en_692e9a9d780b1_Health_Emergency_Response-Floods_and_Landslides_2025_nw.pdf,PDF_EXTRACT_EPID_Immunization_en_692e9a9d780b1_Health_Emergency_Response-Floods_and_Landslides_2025_nw.md,0,1,EXCEPTION:onnxruntime is not installed.,,,,,,
EPID_Immunization_en_693991333e67b_Guidelines_for_early_management_-_Leptospirosis_1_.pdf,PDF_EXTRACT_EPID_Immunization_en_693991333e67b_Guidelines_for_early_management_-_Leptospirosis_1_.md,0,1,EXCEPTION:onnxruntime is not installed.,,,,,,
EPID_Immunization_en_6945702b8d058_November_-_Chikungunya_-_Situation_Report.pdf,PDF_EXTRACT_EPID_Immunization_en_6945702b8d058_November_-_Chikungunya_-_Situation_Report.md,0,1,EXCEPTION:onnxruntime is not installed.,,,,,,
EPID_Immunization_en_695c8e00eef59_December_-_Chikungunya_-_Situation_Report.pdf,PDF_EXTRACT_EPID_Immunization_en_695c8e00eef59_December_-_Chikungunya_-_Situation_Report.md,0,1,EXCEPTION:onnxruntime is not installed.,,,,,,
EPID_Reports_en_63ec87e11b430_WER.pdf,PDF_EXTRACT_EPID_Reports_en_63ec87e11b430_WER.md,0,1,EXCEPTION:onnxruntime is not installed.,,,,,,
EPID_Reports_en_640feff0076ea_Vol_50_no_01-english.pdf,PDF_EXTRACT_EPID_Reports_en_640feff0076ea_Vol_50_no_01-english.md,0,1,EXCEPTION:onnxruntime is not installed.,,,,,,
EPID_Reports_en_64100cf21b53d_Vol_50_no_02-english_1.pdf,PDF_EXTRACT_EPID_Reports_en_64100cf21b53d_Vol_50_no_02-english_1.md,0,1,EXCEPTION:onnxruntime is not installed.,,,,,,
EPID_Reports_en_64100fae82b04_Vol_50_no_03-english.pdf,PDF_EXTRACT_EPID_Reports_en_64100fae82b04_Vol_50_no_03-english.md,0,1,EXCEPTION:onnxruntime is not installed.,,,,,,
EPID_Reports_en_64100ff0b2b95_Vol_50_no_04-english_1.pdf,PDF_EXTRACT_EPID_Reports_en_64100ff0b2b95_Vol_50_no_04-english_1.md,0,1,EXCEPTION:onnxruntime is not installed.,,,,,,
EPID_Reports_en_6410103be192c_Vol_50_no_05-english.pdf,PDF_EXTRACT_EPID_Reports_en_6410103be192c_Vol_50_no_05-english.md,0,1,EXCEPTION:onnxruntime is not installed.,,,,,,
EPID_Reports_en_641010795ce55_Vol_50_no_06-english.pdf,PDF_EXTRACT_EPID_Reports_en_641010795ce55_Vol_50_no_06-english.md,0,1,EXCEPTION:onnxruntime is not installed.,,,,,,
EPID_Reports_en_641010b06da65_Vol_50_no_07-english.pdf,PDF_EXTRACT_EPID_Reports_en_641010b06da65_Vol_50_no_07-english.md,0,1,EXCEPTION:onnxruntime is not installed.,,,,,,
EPID_Reports_en_641010deea21b_Vol_50_no_08-english.pdf,PDF_EXTRACT_EPID_Reports_en_641010deea21b_Vol_50_no_08-english.md,0,1,EXCEPTION:onnxruntime is not installed.,,,,,,
EPID_Reports_en_641011177e0c3_Vol_50_no_09-english_1.pdf,PDF_EXTRACT_EPID_Reports_en_641011177e0c3_Vol_50_no_09-english_1.md,0,1,EXCEPTION:onnxruntime is not installed.,,,,,,
EPID_Reports_en_64251491ca316_Vol_50_no_10-english.pdf,PDF_EXTRACT_EPID_Reports_en_64251491ca316_Vol_50_no_10-english.md,0,1,EXCEPTION:onnxruntime is not installed.,,,,,,
EPID_Reports_en_642516aa215e1_Vol_50_no_11-english.pdf,PDF_EXTRACT_EPID_Reports_en_642516aa215e1_Vol_50_no_11-english.md,0,1,EXCEPTION:onnxruntime is not installed.,,,,,,
EPID_Reports_en_642a655f53f67_Vol_50_no_12-english.pdf,PDF_EXTRACT_EPID_Reports_en_642a655f53f67_Vol_50_no_12-english.md,0,1,EXCEPTION:onnxruntime is not installed.,,,,,,
EPID_Reports_en_6450920810c68_Vol_50_no_14-english_1.pdf,PDF_EXTRACT_EPID_Reports_en_6450920810c68_Vol_50_no_14-english_1.md,0,1,EXCEPTION:onnxruntime is not installed.,,,,,,
EPID_Reports_en_6450923441161_Vol_50_no_15-english_1.pdf,PDF_EXTRACT_EPID_Reports_en_6450923441161_Vol_50_no_15-english_1.md,0,1,EXCEPTION:onnxruntime is not installed.,,,,,,
EPID_Reports_en_6450a83ec365f_Vol_50_no_16-english.pdf,PDF_EXTRACT_EPID_Reports_en_6450a83ec365f_Vol_50_no_16-english.md,0,1,EXCEPTION:onnxruntime is not installed.,,,,,,
EPID_Reports_en_6451e6375bec8_Vol_50_no_13-english_2.pdf,PDF_EXTRACT_EPID_Reports_en_6451e6375bec8_Vol_50_no_13-english_2.md,0,1,EXCEPTION:onnxruntime is not installed.,,,,,,
EPID_Reports_en_6459f61e65d12_vol_49_no_45-english_1.pdf,PDF_EXTRACT_EPID_Reports_en_6459f61e65d12_vol_49_no_45-english_1.md,0,1,EXCEPTION:onnxruntime is not installed.,,,,,,
EPID_Reports_en_6459f68898aa0_vol_49_no_46-english_1.pdf,PDF_EXTRACT_EPID_Reports_en_6459f68898aa0_vol_49_no_46-english_1.md,0,1,EXCEPTION:onnxruntime is not installed.,,,,,,
EPID_Reports_en_6459f6e589303_vol_49_no_47-english_2.pdf,PDF_EXTRACT_EPID_Reports_en_6459f6e589303_vol_49_no_47-english_2.md,0,1,EXCEPTION:onnxruntime is not installed.,,,,,,
EPID_Reports_en_6459f732c85fb_vol_49_no_48-english_2.pdf,PDF_EXTRACT_EPID_Reports_en_6459f732c85fb_vol_49_no_48-english_2.md,0,1,EXCEPTION:onnxruntime is not installed.,,,,,,
EPID_Reports_en_6459f77cb2316_vol_49_no_49-english_2.pdf,PDF_EXTRACT_EPID_Reports_en_6459f77cb2316_vol_49_no_49-english_2.md,0,1,EXCEPTION:onnxruntime is not installed.,,,,,,
EPID_Reports_en_6459f7dbd4561_vol_49_no_50-english_1.pdf,PDF_EXTRACT_EPID_Reports_en_6459f7dbd4561_vol_49_no_50-english_1.md,0,1,EXCEPTION:onnxruntime is not installed.,,,,,,
EPID_Reports_en_6459f8449d423_vol_49_no_51-english_1.pdf,PDF_EXTRACT_EPID_Reports_en_6459f8449d423_vol_49_no_51-english_1.md,0,1,EXCEPTION:onnxruntime is not installed.,,,,,,
EPID_Reports_en_6459f889a4a8c_vol_49_no_52-english_1.pdf,PDF_EXTRACT_EPID_Reports_en_6459f889a4a8c_vol_49_no_52-english_1.md,0,1,EXCEPTION:onnxruntime is not installed.,,,,,,
EPID_Reports_en_6462f8356b93c_Vol_50_no_18-english.pdf,PDF_EXTRACT_EPID_Reports_en_6462f8356b93c_Vol_50_no_18-english.md,0,1,EXCEPTION:onnxruntime is not installed.,,,,,,
EPID_Reports_en_647d696889d75_Vol_50_no_17-english_2.pdf,PDF_EXTRACT_EPID_Reports_en_647d696889d75_Vol_50_no_17-english_2.md,0,1,EXCEPTION:onnxruntime is not installed.,,,,,,
EPID_Reports_en_647d69972f0bb_Vol_50_no_19-english_1.pdf,PDF_EXTRACT_EPID_Reports_en_647d69972f0bb_Vol_50_no_19-english_1.md,0,1,EXCEPTION:onnxruntime is not installed.,,,,,,
EPID_Reports_en_647d69c44d4cb_Vol_50_no_20-english_1.pdf,PDF_EXTRACT_EPID_Reports_en_647d69c44d4cb_Vol_50_no_20-english_1.md,0,1,EXCEPTION:onnxruntime is not installed.,,,,,,
EPID_Reports_en_64869d494b29c_Vol_50_no_21-english_1.pdf,PDF_EXTRACT_EPID_Reports_en_64869d494b29c_Vol_50_no_21-english_1.md,0,1,EXCEPTION:onnxruntime is not installed.,,,,,,
EPID_Reports_en_64912ab8a22d8_Vol_50_no_22-english_1.pdf,PDF_EXTRACT_EPID_Reports_en_64912ab8a22d8_Vol_50_no_22-english_1.md,0,1,EXCEPTION:onnxruntime is not installed.,,,,,,
EPID_Reports_en_64912b0a89f59_Vol_50_no_23-english_1.pdf,PDF_EXTRACT_EPID_Reports_en_64912b0a89f59_Vol_50_no_23-english_1.md,0,1,EXCEPTION:onnxruntime is not installed.,,,,,,
EPID_Reports_en_64ab8e17d4370_Vol_50_no_24-english_1.pdf,PDF_EXTRACT_EPID_Reports_en_64ab8e17d4370_Vol_50_no_24-english_1.md,0,1,EXCEPTION:onnxruntime is not installed.,,,,,,
EPID_Reports_en_64b4bcc21a358_Vol_50_no_25-english_1.pdf,PDF_EXTRACT_EPID_Reports_en_64b4bcc21a358_Vol_50_no_25-english_1.md,0,1,EXCEPTION:onnxruntime is not installed.,,,,,,
EPID_Reports_en_64b4cbff23f46_Vol_50_no_26-english_2.pdf,PDF_EXTRACT_EPID_Reports_en_64b4cbff23f46_Vol_50_no_26-english_2.md,0,1,EXCEPTION:onnxruntime is not installed.,,,,,,
EPID_Reports_en_64c772c1952be_Vol_50_no_27-english_1.pdf,PDF_EXTRACT_EPID_Reports_en_64c772c1952be_Vol_50_no_27-english_1.md,0,1,EXCEPTION:onnxruntime is not installed.,,,,,,
EPID_Reports_en_64c773234ebd6_Vol_50_no_28-english_1.pdf,PDF_EXTRACT_EPID_Reports_en_64c773234ebd6_Vol_50_no_28-english_1.md,0,1,EXCEPTION:onnxruntime is not installed.,,,,,,
EPID_Reports_en_64c78901a4223_Vol_50_no_29-english_1.pdf,PDF_EXTRACT_EPID_Reports_en_64c78901a4223_Vol_50_no_29-english_1.md,0,1,EXCEPTION:onnxruntime is not installed.,,,,,,
EPID_Reports_en_6507d4a364766_Vol_50_no_35-english_1.pdf,PDF_EXTRACT_EPID_Reports_en_6507d4a364766_Vol_50_no_35-english_1.md,0,1,EXCEPTION:onnxruntime is not installed.,,,,,,
EPID_Reports_en_6509214a67f69_Vol_50_no_36-english.pdf,PDF_EXTRACT_EPID_Reports_en_6509214a67f69_Vol_50_no_36-english.md,0,1,EXCEPTION:onnxruntime is not installed.,,,,,,
EPID_Reports_en_65125ac74566c_Vol_50_no_37-english.pdf,PDF_EXTRACT_EPID_Reports_en_65125ac74566c_Vol_50_no_37-english.md,0,1,EXCEPTION:onnxruntime is not installed.,,,,,,
EPID_Reports_en_65851ecfb2759_Vol_50_no_48-english.pdf,PDF_EXTRACT_EPID_Reports_en_65851ecfb2759_Vol_50_no_48-english.md,0,1,EXCEPTION:onnxruntime is not installed.,,,,,,
EPID_Reports_en_6585409665879_Vol_50_no_49-english.pdf,PDF_EXTRACT_EPID_Reports_en_6585409665879_Vol_50_no_49-english.md,0,1,EXCEPTION:onnxruntime is not installed.,,,,,,
EPID_Reports_en_6586cba6eaffd_Vol_50_no_46-english.pdf,PDF_EXTRACT_EPID_Reports_en_6586cba6eaffd_Vol_50_no_46-english.md,0,1,EXCEPTION:onnxruntime is not installed.,,,,,,
EPID_Reports_en_658bf46e36e50_Vol_50_no_50-english.pdf,PDF_EXTRACT_EPID_Reports_en_658bf46e36e50_Vol_50_no_50-english.md,0,1,EXCEPTION:onnxruntime is not installed.,,,,,,
EPID_Reports_en_658bf999350ba_Vol_50_no_45-english.pdf,PDF_EXTRACT_EPID_Reports_en_658bf999350ba_Vol_50_no_45-english.md,0,1,EXCEPTION:onnxruntime is not installed.,,,,,,
EPID_Reports_en_658bfa11e502e_Vol_50_no_44-english.pdf,PDF_EXTRACT_EPID_Reports_en_658bfa11e502e_Vol_50_no_44-english.md,0,1,EXCEPTION:onnxruntime is not installed.,,,,,,
EPID_Reports_en_658bfaa1cb3bf_Vol_50_no_43-english.pdf,PDF_EXTRACT_EPID_Reports_en_658bfaa1cb3bf_Vol_50_no_43-english.md,0,1,EXCEPTION:onnxruntime is not installed.,,,,,,
EPID_Reports_en_658bfb119b032_Vol_50_no_42-english.pdf,PDF_EXTRACT_EPID_Reports_en_658bfb119b032_Vol_50_no_42-english.md,0,1,EXCEPTION:onnxruntime is not installed.,,,,,,
EPID_Reports_en_658bfc0e47143_Vol_50_no_41-english.pdf,PDF_EXTRACT_EPID_Reports_en_658bfc0e47143_Vol_50_no_41-english.md,0,1,EXCEPTION:onnxruntime is not installed.,,,,,,
EPID_Reports_en_658bfcac2f526_Vol_50_no_40-english.pdf,PDF_EXTRACT_EPID_Reports_en_658bfcac2f526_Vol_50_no_40-english.md,0,1,EXCEPTION:onnxruntime is not installed.,,,,,,
EPID_Reports_en_658bfd0d99fc6_Vol_50_no_39-english.pdf,PDF_EXTRACT_EPID_Reports_en_658bfd0d99fc6_Vol_50_no_39-english.md,0,1,EXCEPTION:onnxruntime is not installed.,,,,,,
EPID_Reports_en_658bfd691ab24_Vol_50_no_38-english.pdf,PDF_EXTRACT_EPID_Reports_en_658bfd691ab24_Vol_50_no_38-english.md,0,1,EXCEPTION:onnxruntime is not installed.,,,,,,
EPID_Reports_en_6592f6eec67ef_Vol_50_no_34-english.pdf,PDF_EXTRACT_EPID_Reports_en_6592f6eec67ef_Vol_50_no_34-english.md,0,1,EXCEPTION:onnxruntime is not installed.,,,,,,
EPID_Reports_en_6592f77ef271b_Vol_50_no_33-english.pdf,PDF_EXTRACT_EPID_Reports_en_6592f77ef271b_Vol_50_no_33-english.md,0,1,EXCEPTION:onnxruntime is not installed.,,,,,,
EPID_Reports_en_6592f8ce36f5c_Vol_50_no_32-english.pdf,PDF_EXTRACT_EPID_Reports_en_6592f8ce36f5c_Vol_50_no_32-english.md,0,1,EXCEPTION:onnxruntime is not installed.,,,,,,
EPID_Reports_en_6592fa2472186_Vol_50_no_31-english.pdf,PDF_EXTRACT_EPID_Reports_en_6592fa2472186_Vol_50_no_31-english.md,0,1,EXCEPTION:onnxruntime is not installed.,,,,,,
EPID_Reports_en_65938b8caa4b2_Vol_50_no_51-english.pdf,PDF_EXTRACT_EPID_Reports_en_65938b8caa4b2_Vol_50_no_51-english.md,0,1,EXCEPTION:onnxruntime is not installed.,,,,,,
EPID_Reports_en_6597d07b07eb4_Vol_50_no_47-english.pdf,PDF_EXTRACT_EPID_Reports_en_6597d07b07eb4_Vol_50_no_47-english.md,0,1,EXCEPTION:onnxruntime is not installed.,,,,,,
EPID_Reports_en_659e7c802c6b3_Vol_50_no_52-english.pdf,PDF_EXTRACT_EPID_Reports_en_659e7c802c6b3_Vol_50_no_52-english.md,0,1,EXCEPTION:onnxruntime is not installed.,,,,,,
EPID_Reports_en_65b8d3689b762_Vol_51_no_01-english.pdf,PDF_EXTRACT_EPID_Reports_en_65b8d3689b762_Vol_51_no_01-english.md,0,1,EXCEPTION:onnxruntime is not installed.,,,,,,
EPID_Reports_en_65c256e1a3188_Vol_50_no_30-english.pdf,PDF_EXTRACT_EPID_Reports_en_65c256e1a3188_Vol_50_no_30-english.md,0,1,EXCEPTION:onnxruntime is not installed.,,,,,,
EPID_Reports_en_65fc47cc869e2_Vol_51_no_09-english.pdf,PDF_EXTRACT_EPID_Reports_en_65fc47cc869e2_Vol_51_no_09-english.md,0,1,EXCEPTION:onnxruntime is not installed.,,,,,,
EPID_Reports_en_65fc4e4076150_Vol_51_no_08-english.pdf,PDF_EXTRACT_EPID_Reports_en_65fc4e4076150_Vol_51_no_08-english.md,0,1,EXCEPTION:onnxruntime is not installed.,,,,,,
EPID_Reports_en_65fc547b1177c_Vol_51_no_07-english.pdf,PDF_EXTRACT_EPID_Reports_en_65fc547b1177c_Vol_51_no_07-english.md,0,1,EXCEPTION:onnxruntime is not installed.,,,,,,
EPID_Reports_en_65fc60581a048_Vol_51_no_06-english.pdf,PDF_EXTRACT_EPID_Reports_en_65fc60581a048_Vol_51_no_06-english.md,0,1,EXCEPTION:onnxruntime is not installed.,,,,,,
EPID_Reports_en_65fc628912f33_Vol_51_no_05-english.pdf,PDF_EXTRACT_EPID_Reports_en_65fc628912f33_Vol_51_no_05-english.md,0,1,EXCEPTION:onnxruntime is not installed.,,,,,,
EPID_Reports_en_65fc6756ec7d6_Vol_51_no_04-english.pdf,PDF_EXTRACT_EPID_Reports_en_65fc6756ec7d6_Vol_51_no_04-english.md,0,1,EXCEPTION:onnxruntime is not installed.,,,,,,
EPID_Reports_en_65fc71dbe22ce_Vol_51_no_03-english.pdf,PDF_EXTRACT_EPID_Reports_en_65fc71dbe22ce_Vol_51_no_03-english.md,0,1,EXCEPTION:onnxruntime is not installed.,,,,,,
EPID_Reports_en_65fc755050a91_Vol_51_no_02-english.pdf,PDF_EXTRACT_EPID_Reports_en_65fc755050a91_Vol_51_no_02-english.md,0,1,EXCEPTION:onnxruntime is not installed.,,,,,,
EPID_Reports_en_6602904aa6a75_Vol_51_no_10-english.pdf,PDF_EXTRACT_EPID_Reports_en_6602904aa6a75_Vol_51_no_10-english.md,0,1,EXCEPTION:onnxruntime is not installed.,,,,,,
EPID_Reports_en_660e6d977a71b_Vol_51_no_11-english.pdf,PDF_EXTRACT_EPID_Reports_en_660e6d977a71b_Vol_51_no_11-english.md,0,1,EXCEPTION:onnxruntime is not installed.,,,,,,
EPID_Reports_en_661ea4cf29914_Vol_51_no_12-english.pdf,PDF_EXTRACT_EPID_Reports_en_661ea4cf29914_Vol_51_no_12-english.md,0,1,EXCEPTION:onnxruntime is not installed.,,,,,,
EPID_Reports_en_661ea55c0d8b5_Vol_51_no_13-english.pdf,PDF_EXTRACT_EPID_Reports_en_661ea55c0d8b5_Vol_51_no_13-english.md,0,1,EXCEPTION:onnxruntime is not installed.,,,,,,
EPID_Reports_en_6642eb38460d8_Vol_51_no_17-english.pdf,PDF_EXTRACT_EPID_Reports_en_6642eb38460d8_Vol_51_no_17-english.md,0,1,EXCEPTION:onnxruntime is not installed.,,,,,,
EPID_Reports_en_6643392246c49_Vol_51_no_14-english.pdf,PDF_EXTRACT_EPID_Reports_en_6643392246c49_Vol_51_no_14-english.md,0,1,EXCEPTION:onnxruntime is not installed.,,,,,,
EPID_Reports_en_664339d220499_Vol_51_no_15-english.pdf,PDF_EXTRACT_EPID_Reports_en_664339d220499_Vol_51_no_15-english.md,0,1,EXCEPTION:onnxruntime is not installed.,,,,,,
EPID_Reports_en_66433b57bd1c3_Vol_51_no_16-english.pdf,PDF_EXTRACT_EPID_Reports_en_66433b57bd1c3_Vol_51_no_16-english.md,0,1,EXCEPTION:onnxruntime is not installed.,,,,,,
EPID_Reports_en_66470ed89cc08_Vol_51_no_18-english.pdf,PDF_EXTRACT_EPID_Reports_en_66470ed89cc08_Vol_51_no_18-english.md,0,1,EXCEPTION:onnxruntime is not installed.,,,,,,
EPID_Reports_en_66594f05449fe_Vol_51_no_19-english.pdf,PDF_EXTRACT_EPID_Reports_en_66594f05449fe_Vol_51_no_19-english.md,0,1,EXCEPTION:onnxruntime is not installed.,,,,,,
EPID_Reports_en_6668202fbb31f_Vol_51_no_20-english.pdf,PDF_EXTRACT_EPID_Reports_en_6668202fbb31f_Vol_51_no_20-english.md,0,1,EXCEPTION:onnxruntime is not installed.,,,,,,
EPID_Reports_en_666820c3d617d_Vol_51_no_21-english.pdf,PDF_EXTRACT_EPID_Reports_en_666820c3d617d_Vol_51_no_21-english.md,0,1,EXCEPTION:onnxruntime is not installed.,,,,,,
EPID_Reports_en_6671117d736a4_Vol_51_no_22-english.pdf,PDF_EXTRACT_EPID_Reports_en_6671117d736a4_Vol_51_no_22-english.md,0,1,EXCEPTION:onnxruntime is not installed.,,,,,,
EPID_Reports_en_66779b291204f_Vol_51_no_23-english.pdf,PDF_EXTRACT_EPID_Reports_en_66779b291204f_Vol_51_no_23-english.md,0,1,EXCEPTION:onnxruntime is not installed.,,,,,,
EPID_Reports_en_6684d253a04fc_Vol_51_no_24-english.pdf,PDF_EXTRACT_EPID_Reports_en_6684d253a04fc_Vol_51_no_24-english.md,0,1,EXCEPTION:onnxruntime is not installed.,,,,,,
EPID_Reports_en_6694ff674fee1_Vol_51_no_25-english.pdf,PDF_EXTRACT_EPID_Reports_en_6694ff674fee1_Vol_51_no_25-english.md,0,1,EXCEPTION:onnxruntime is not installed.,,,,,,
EPID_Reports_en_6696544245aa2_Vol_51_no_26-english.pdf,PDF_EXTRACT_EPID_Reports_en_6696544245aa2_Vol_51_no_26-english.md,0,1,EXCEPTION:onnxruntime is not installed.,,,,,,
EPID_Reports_en_66a087ce95622_Vol_51_no_27-english.pdf,PDF_EXTRACT_EPID_Reports_en_66a087ce95622_Vol_51_no_27-english.md,0,1,EXCEPTION:onnxruntime is not installed.,,,,,,
EPID_Reports_en_66ac5da0ebd2d_Vol_51_no_28-english.pdf,PDF_EXTRACT_EPID_Reports_en_66ac5da0ebd2d_Vol_51_no_28-english.md,0,1,EXCEPTION:onnxruntime is not installed.,,,,,,
EPID_Reports_en_66b1cf8a4ad9f_Vol_51_no_29-english.pdf,PDF_EXTRACT_EPID_Reports_en_66b1cf8a4ad9f_Vol_51_no_29-english.md,0,1,EXCEPTION:onnxruntime is not installed.,,,,,,
EPID_Reports_en_66bf09b97f5a9_Vol_51_no_30-english.pdf,PDF_EXTRACT_EPID_Reports_en_66bf09b97f5a9_Vol_51_no_30-english.md,0,1,EXCEPTION:onnxruntime is not installed.,,,,,,
EPID_Reports_en_66d6b1a9a27ff_Vol_51_no_31-english.pdf,PDF_EXTRACT_EPID_Reports_en_66d6b1a9a27ff_Vol_51_no_31-english.md,0,1,EXCEPTION:onnxruntime is not installed.,,,,,,
EPID_Reports_en_66e0a3fb5dada_Vol_51_no_32-english.pdf,PDF_EXTRACT_EPID_Reports_en_66e0a3fb5dada_Vol_51_no_32-english.md,0,1,EXCEPTION:onnxruntime is not installed.,,,,,,
EPID_Reports_en_66e6d55fd7f20_Vol_51_no_33-english.pdf,PDF_EXTRACT_EPID_Reports_en_66e6d55fd7f20_Vol_51_no_33-english.md,0,1,EXCEPTION:onnxruntime is not installed.,,,,,,
EPID_Reports_en_66eb1c6a4410b_Vol_51_no_34-english.pdf,PDF_EXTRACT_EPID_Reports_en_66eb1c6a4410b_Vol_51_no_34-english.md,0,1,EXCEPTION:onnxruntime is not installed.,,,,,,
EPID_Reports_en_66fbbb2d086ab_Vol_51_no_35-english.pdf,PDF_EXTRACT_EPID_Reports_en_66fbbb2d086ab_Vol_51_no_35-english.md,0,1,EXCEPTION:onnxruntime is not installed.,,,,,,
EPID_Reports_en_66ff7279f1888_Vol_51_no_36-english.pdf,PDF_EXTRACT_EPID_Reports_en_66ff7279f1888_Vol_51_no_36-english.md,0,1,EXCEPTION:onnxruntime is not installed.,,,,,,
EPID_Reports_en_6720aaaf8a140_Vol_51_no_37-english.pdf,PDF_EXTRACT_EPID_Reports_en_6720aaaf8a140_Vol_51_no_37-english.md,0,1,EXCEPTION:onnxruntime is not installed.,,,,,,
EPID_Immunization_en_643fbf99965af_en_643fb3a602ce1_VPD.pdf,PDF_EXTRACT_EPID_Immunization_en_643fbf99965af_en_643fb3a602ce1_VPD.md,1,0,,0.9274,5,0,0,0,0
EPID_Immunization_en_6895bbe31ca92_Chikungunya_-_Situation_Report_Updated_05-08-2025.pdf,PDF_EXTRACT_EPID_Immunization_en_6895bbe31ca92_Chikungunya_-_Situation_Report_Updated_05-08-2025.md,1,0,,0.8761,3,0,0,0,0
EPID_Immunization_en_643fbf99965af_en_643fb3a602ce1_VPD.pdf,PDF_EXTRACT_EPID_Immunization_en_643fbf99965af_en_643fb3a602ce1_VPD.md,1,0,,0.9098,5,0,0,0,0,fast_no_ocr
EPID_Immunization_en_6895bbe31ca92_Chikungunya_-_Situation_Report_Updated_05-08-2025.pdf,PDF_EXTRACT_EPID_Immunization_en_6895bbe31ca92_Chikungunya_-_Situation_Report_Updated_05-08-2025.md,1,0,,0.8735,3,0,0,0,0,fast_no_ocr
EPID_Immunization_en_643fbf99965af_en_643fb3a602ce1_VPD.pdf,PDF_EXTRACT_EPID_Immunization_en_643fbf99965af_en_643fb3a602ce1_VPD.md,0,0,,0.9098,5,0,0,0,0,text_no_ocr,0.13
EPID_Immunization_en_6895bbe31ca92_Chikungunya_-_Situation_Report_Updated_05-08-2025.pdf,PDF_EXTRACT_EPID_Immunization_en_6895bbe31ca92_Chikungunya_-_Situation_Report_Updated_05-08-2025.md,0,0,,0.8735,3,0,0,0,0,text_no_ocr,0.39
EPID_Immunization_en_643fbf99965af_en_643fb3a602ce1_VPD.pdf,PDF_EXTRACT_EPID_Immunization_en_643fbf99965af_en_643fb3a602ce1_VPD.md,0,0,,0.9098,5,text_no_ocr,0.13
EPID_Immunization_en_6895bbe31ca92_Chikungunya_-_Situation_Report_Updated_05-08-2025.pdf,PDF_EXTRACT_EPID_Immunization_en_6895bbe31ca92_Chikungunya_-_Situation_Report_Updated_05-08-2025.md,0,0,,0.8735,3,text_no_ocr,0.39
EPID_Immunization_en_68a7e565a6832_FINAL_NIS_2025_Report_-_18.08.2025_compressed.pdf,PDF_EXTRACT_EPID_Immunization_en_68a7e565a6832_FINAL_NIS_2025_Report_-_18.08.2025_compressed.md,1,0,,0.9099,7,text_no_ocr,11.16
EPID_Immunization_en_68c27a665bbd2_Chikungunya_-_Situation_Report_Updated_31-08-2025.pdf,PDF_EXTRACT_EPID_Immunization_en_68c27a665bbd2_Chikungunya_-_Situation_Report_Updated_31-08-2025.md,1,0,,0.8745,3,text_no_ocr,0.39
EPID_Immunization_en_6903083a5274f_Chikungunya_Situation_Report_30_09_2025.pdf,PDF_EXTRACT_EPID_Immunization_en_6903083a5274f_Chikungunya_Situation_Report_30_09_2025.md,1,0,,0.9018,3,text_no_ocr,0.58
EPID_Immunization_en_691ee2b32668a_Chikungunya_surveillance.pdf,PDF_EXTRACT_EPID_Immunization_en_691ee2b32668a_Chikungunya_surveillance.md,1,0,,0.8473,4,ocr_retry,1.20
EPID_Immunization_en_69206beb3b661_Chikungunya_-_Situation_Report_Updated_31-10-2025.pdf,PDF_EXTRACT_EPID_Immunization_en_69206beb3b661_Chikungunya_-_Situation_Report_Updated_31-10-2025.md,1,0,,0.8963,3,text_no_ocr,0.38
EPID_Immunization_en_692e9a9d780b1_Health_Emergency_Response-Floods_and_Landslides_2025_nw.pdf,PDF_EXTRACT_EPID_Immunization_en_692e9a9d780b1_Health_Emergency_Response-Floods_and_Landslides_2025_nw.md,1,0,,0.9293,3,ocr_retry,0.91
EPID_Immunization_en_693991333e67b_Guidelines_for_early_management_-_Leptospirosis_1_.pdf,PDF_EXTRACT_EPID_Immunization_en_693991333e67b_Guidelines_for_early_management_-_Leptospirosis_1_.md,1,0,,0.8934,5,ocr_retry,1.23
EPID_Immunization_en_6945702b8d058_November_-_Chikungunya_-_Situation_Report.pdf,PDF_EXTRACT_EPID_Immunization_en_6945702b8d058_November_-_Chikungunya_-_Situation_Report.md,1,0,,0.8730,3,text_no_ocr,0.63
EPID_Immunization_en_695c8e00eef59_December_-_Chikungunya_-_Situation_Report.pdf,PDF_EXTRACT_EPID_Immunization_en_695c8e00eef59_December_-_Chikungunya_-_Situation_Report.md,1,0,,0.8895,3,text_no_ocr,0.62
EPID_Reports_en_63ec87e11b430_WER.pdf,PDF_EXTRACT_EPID_Reports_en_63ec87e11b430_WER.md,1,1,keyword_hits<1,0.9557,0,ocr_retry,0.00
EPID_Reports_en_640feff0076ea_Vol_50_no_01-english.pdf,PDF_EXTRACT_EPID_Reports_en_640feff0076ea_Vol_50_no_01-english.md,1,0,,0.5546,8,text_no_ocr,1.06
EPID_Reports_en_64100cf21b53d_Vol_50_no_02-english_1.pdf,PDF_EXTRACT_EPID_Reports_en_64100cf21b53d_Vol_50_no_02-english_1.md,1,0,,0.6112,6,text_no_ocr,1.64
EPID_Reports_en_64100fae82b04_Vol_50_no_03-english.pdf,PDF_EXTRACT_EPID_Reports_en_64100fae82b04_Vol_50_no_03-english.md,1,0,,0.5881,8,text_no_ocr,1.07
EPID_Reports_en_64100ff0b2b95_Vol_50_no_04-english_1.pdf,PDF_EXTRACT_EPID_Reports_en_64100ff0b2b95_Vol_50_no_04-english_1.md,1,0,,0.4783,8,text_no_ocr,1.13
EPID_Reports_en_6410103be192c_Vol_50_no_05-english.pdf,PDF_EXTRACT_EPID_Reports_en_6410103be192c_Vol_50_no_05-english.md,1,0,,0.5532,10,text_no_ocr,1.40
EPID_Reports_en_641010795ce55_Vol_50_no_06-english.pdf,PDF_EXTRACT_EPID_Reports_en_641010795ce55_Vol_50_no_06-english.md,1,0,,0.4681,7,text_no_ocr,1.39
EPID_Reports_en_641010b06da65_Vol_50_no_07-english.pdf,PDF_EXTRACT_EPID_Reports_en_641010b06da65_Vol_50_no_07-english.md,1,0,,0.4208,6,text_no_ocr,1.34
EPID_Reports_en_641010deea21b_Vol_50_no_08-english.pdf,PDF_EXTRACT_EPID_Reports_en_641010deea21b_Vol_50_no_08-english.md,1,0,,0.5183,7,text_no_ocr,1.28
EPID_Reports_en_641011177e0c3_Vol_50_no_09-english_1.pdf,PDF_EXTRACT_EPID_Reports_en_641011177e0c3_Vol_50_no_09-english_1.md,1,0,,0.4774,7,text_no_ocr,1.14
EPID_Reports_en_64251491ca316_Vol_50_no_10-english.pdf,PDF_EXTRACT_EPID_Reports_en_64251491ca316_Vol_50_no_10-english.md,1,0,,0.5750,7,text_no_ocr,1.33
EPID_Reports_en_642516aa215e1_Vol_50_no_11-english.pdf,PDF_EXTRACT_EPID_Reports_en_642516aa215e1_Vol_50_no_11-english.md,1,0,,0.6167,7,text_no_ocr,1.15
EPID_Reports_en_642a655f53f67_Vol_50_no_12-english.pdf,PDF_EXTRACT_EPID_Reports_en_642a655f53f67_Vol_50_no_12-english.md,1,0,,0.5633,8,text_no_ocr,1.18
EPID_Reports_en_6450920810c68_Vol_50_no_14-english_1.pdf,PDF_EXTRACT_EPID_Reports_en_6450920810c68_Vol_50_no_14-english_1.md,1,0,,0.5830,6,text_no_ocr,1.09
EPID_Reports_en_6450923441161_Vol_50_no_15-english_1.pdf,PDF_EXTRACT_EPID_Reports_en_6450923441161_Vol_50_no_15-english_1.md,1,0,,0.5754,6,text_no_ocr,1.14
EPID_Reports_en_6450a83ec365f_Vol_50_no_16-english.pdf,PDF_EXTRACT_EPID_Reports_en_6450a83ec365f_Vol_50_no_16-english.md,1,0,,0.6154,7,text_no_ocr,1.13
EPID_Reports_en_6451e6375bec8_Vol_50_no_13-english_2.pdf,PDF_EXTRACT_EPID_Reports_en_6451e6375bec8_Vol_50_no_13-english_2.md,1,0,,0.6194,8,text_no_ocr,1.50
EPID_Reports_en_6459f61e65d12_vol_49_no_45-english_1.pdf,PDF_EXTRACT_EPID_Reports_en_6459f61e65d12_vol_49_no_45-english_1.md,1,0,,0.4763,6,text_no_ocr,1.11
EPID_Reports_en_6459f68898aa0_vol_49_no_46-english_1.pdf,PDF_EXTRACT_EPID_Reports_en_6459f68898aa0_vol_49_no_46-english_1.md,1,0,,0.4852,6,text_no_ocr,1.16
EPID_Reports_en_6459f6e589303_vol_49_no_47-english_2.pdf,PDF_EXTRACT_EPID_Reports_en_6459f6e589303_vol_49_no_47-english_2.md,1,0,,0.5583,7,text_no_ocr,1.15
EPID_Reports_en_6459f732c85fb_vol_49_no_48-english_2.pdf,PDF_EXTRACT_EPID_Reports_en_6459f732c85fb_vol_49_no_48-english_2.md,1,0,,0.5681,9,text_no_ocr,1.58
EPID_Reports_en_6459f77cb2316_vol_49_no_49-english_2.pdf,PDF_EXTRACT_EPID_Reports_en_6459f77cb2316_vol_49_no_49-english_2.md,1,0,,0.5142,8,text_no_ocr,1.74
EPID_Reports_en_6459f7dbd4561_vol_49_no_50-english_1.pdf,PDF_EXTRACT_EPID_Reports_en_6459f7dbd4561_vol_49_no_50-english_1.md,1,0,,0.5731,7,text_no_ocr,1.10
EPID_Reports_en_6459f8449d423_vol_49_no_51-english_1.pdf,PDF_EXTRACT_EPID_Reports_en_6459f8449d423_vol_49_no_51-english_1.md,1,0,,0.5416,7,text_no_ocr,1.26
EPID_Reports_en_6459f889a4a8c_vol_49_no_52-english_1.pdf,PDF_EXTRACT_EPID_Reports_en_6459f889a4a8c_vol_49_no_52-english_1.md,1,0,,0.6290,9,text_no_ocr,1.14
EPID_Reports_en_6462f8356b93c_Vol_50_no_18-english.pdf,PDF_EXTRACT_EPID_Reports_en_6462f8356b93c_Vol_50_no_18-english.md,1,0,,0.4547,6,text_no_ocr,1.30
EPID_Reports_en_647d696889d75_Vol_50_no_17-english_2.pdf,PDF_EXTRACT_EPID_Reports_en_647d696889d75_Vol_50_no_17-english_2.md,1,0,,0.5879,7,text_no_ocr,1.08
EPID_Reports_en_647d69972f0bb_Vol_50_no_19-english_1.pdf,PDF_EXTRACT_EPID_Reports_en_647d69972f0bb_Vol_50_no_19-english_1.md,1,0,,0.4543,6,text_no_ocr,1.23
EPID_Reports_en_647d69c44d4cb_Vol_50_no_20-english_1.pdf,PDF_EXTRACT_EPID_Reports_en_647d69c44d4cb_Vol_50_no_20-english_1.md,1,0,,0.5636,6,text_no_ocr,1.13
EPID_Reports_en_64869d494b29c_Vol_50_no_21-english_1.pdf,PDF_EXTRACT_EPID_Reports_en_64869d494b29c_Vol_50_no_21-english_1.md,1,0,,0.4439,7,text_no_ocr,1.39
EPID_Reports_en_64912ab8a22d8_Vol_50_no_22-english_1.pdf,PDF_EXTRACT_EPID_Reports_en_64912ab8a22d8_Vol_50_no_22-english_1.md,1,0,,0.5885,8,text_no_ocr,1.32
EPID_Reports_en_64912b0a89f59_Vol_50_no_23-english_1.pdf,PDF_EXTRACT_EPID_Reports_en_64912b0a89f59_Vol_50_no_23-english_1.md,1,0,,0.6265,7,text_no_ocr,1.40
EPID_Reports_en_64ab8e17d4370_Vol_50_no_24-english_1.pdf,PDF_EXTRACT_EPID_Reports_en_64ab8e17d4370_Vol_50_no_24-english_1.md,1,0,,0.5656,7,text_no_ocr,1.33
EPID_Reports_en_64b4bcc21a358_Vol_50_no_25-english_1.pdf,PDF_EXTRACT_EPID_Reports_en_64b4bcc21a358_Vol_50_no_25-english_1.md,1,0,,0.5465,7,text_no_ocr,1.13
EPID_Reports_en_64b4cbff23f46_Vol_50_no_26-english_2.pdf,PDF_EXTRACT_EPID_Reports_en_64b4cbff23f46_Vol_50_no_26-english_2.md,1,0,,0.5808,7,text_no_ocr,1.31
EPID_Reports_en_64c772c1952be_Vol_50_no_27-english_1.pdf,PDF_EXTRACT_EPID_Reports_en_64c772c1952be_Vol_50_no_27-english_1.md,1,0,,0.6275,10,text_no_ocr,1.22
EPID_Reports_en_64c773234ebd6_Vol_50_no_28-english_1.pdf,PDF_EXTRACT_EPID_Reports_en_64c773234ebd6_Vol_50_no_28-english_1.md,1,0,,0.5894,6,text_no_ocr,1.19
EPID_Reports_en_64c78901a4223_Vol_50_no_29-english_1.pdf,PDF_EXTRACT_EPID_Reports_en_64c78901a4223_Vol_50_no_29-english_1.md,1,0,,0.5719,7,text_no_ocr,1.07
EPID_Reports_en_6507d4a364766_Vol_50_no_35-english_1.pdf,PDF_EXTRACT_EPID_Reports_en_6507d4a364766_Vol_50_no_35-english_1.md,1,0,,0.5311,7,text_no_ocr,1.38
EPID_Reports_en_6509214a67f69_Vol_50_no_36-english.pdf,PDF_EXTRACT_EPID_Reports_en_6509214a67f69_Vol_50_no_36-english.md,1,0,,0.5226,9,text_no_ocr,1.28
EPID_Reports_en_65125ac74566c_Vol_50_no_37-english.pdf,PDF_EXTRACT_EPID_Reports_en_65125ac74566c_Vol_50_no_37-english.md,1,0,,0.5934,8,text_no_ocr,0.63
EPID_Reports_en_65851ecfb2759_Vol_50_no_48-english.pdf,PDF_EXTRACT_EPID_Reports_en_65851ecfb2759_Vol_50_no_48-english.md,1,0,,0.5409,6,text_no_ocr,1.93
EPID_Reports_en_6585409665879_Vol_50_no_49-english.pdf,PDF_EXTRACT_EPID_Reports_en_6585409665879_Vol_50_no_49-english.md,1,0,,0.6272,6,text_no_ocr,1.53
EPID_Reports_en_6586cba6eaffd_Vol_50_no_46-english.pdf,PDF_EXTRACT_EPID_Reports_en_6586cba6eaffd_Vol_50_no_46-english.md,1,0,,0.5479,8,text_no_ocr,1.70
EPID_Reports_en_658bf46e36e50_Vol_50_no_50-english.pdf,PDF_EXTRACT_EPID_Reports_en_658bf46e36e50_Vol_50_no_50-english.md,1,0,,0.5700,7,text_no_ocr,1.48
EPID_Reports_en_658bf999350ba_Vol_50_no_45-english.pdf,PDF_EXTRACT_EPID_Reports_en_658bf999350ba_Vol_50_no_45-english.md,1,0,,0.5214,6,text_no_ocr,1.58
EPID_Reports_en_658bfa11e502e_Vol_50_no_44-english.pdf,PDF_EXTRACT_EPID_Reports_en_658bfa11e502e_Vol_50_no_44-english.md,1,0,,0.5279,7,text_no_ocr,1.66
EPID_Reports_en_658bfaa1cb3bf_Vol_50_no_43-english.pdf,PDF_EXTRACT_EPID_Reports_en_658bfaa1cb3bf_Vol_50_no_43-english.md,1,0,,0.5300,7,text_no_ocr,1.63
EPID_Reports_en_658bfb119b032_Vol_50_no_42-english.pdf,PDF_EXTRACT_EPID_Reports_en_658bfb119b032_Vol_50_no_42-english.md,1,0,,0.5338,7,text_no_ocr,1.70
EPID_Reports_en_658bfc0e47143_Vol_50_no_41-english.pdf,PDF_EXTRACT_EPID_Reports_en_658bfc0e47143_Vol_50_no_41-english.md,1,0,,0.5696,6,text_no_ocr,1.49
EPID_Reports_en_658bfcac2f526_Vol_50_no_40-english.pdf,PDF_EXTRACT_EPID_Reports_en_658bfcac2f526_Vol_50_no_40-english.md,1,0,,0.5744,8,text_no_ocr,1.40
EPID_Reports_en_658bfd0d99fc6_Vol_50_no_39-english.pdf,PDF_EXTRACT_EPID_Reports_en_658bfd0d99fc6_Vol_50_no_39-english.md,1,0,,0.5322,8,text_no_ocr,1.68
EPID_Reports_en_658bfd691ab24_Vol_50_no_38-english.pdf,PDF_EXTRACT_EPID_Reports_en_658bfd691ab24_Vol_50_no_38-english.md,1,0,,0.5160,9,text_no_ocr,1.69
EPID_Reports_en_6592f6eec67ef_Vol_50_no_34-english.pdf,PDF_EXTRACT_EPID_Reports_en_6592f6eec67ef_Vol_50_no_34-english.md,1,0,,0.4534,7,text_no_ocr,1.20
EPID_Reports_en_6592f77ef271b_Vol_50_no_33-english.pdf,PDF_EXTRACT_EPID_Reports_en_6592f77ef271b_Vol_50_no_33-english.md,1,0,,0.5442,7,text_no_ocr,1.34
EPID_Reports_en_6592f8ce36f5c_Vol_50_no_32-english.pdf,PDF_EXTRACT_EPID_Reports_en_6592f8ce36f5c_Vol_50_no_32-english.md,1,0,,0.6169,10,text_no_ocr,1.01
EPID_Reports_en_6592fa2472186_Vol_50_no_31-english.pdf,PDF_EXTRACT_EPID_Reports_en_6592fa2472186_Vol_50_no_31-english.md,1,0,,0.6154,6,text_no_ocr,1.46
EPID_Reports_en_65938b8caa4b2_Vol_50_no_51-english.pdf,PDF_EXTRACT_EPID_Reports_en_65938b8caa4b2_Vol_50_no_51-english.md,1,0,,0.5016,7,text_no_ocr,1.54
EPID_Reports_en_6597d07b07eb4_Vol_50_no_47-english.pdf,PDF_EXTRACT_EPID_Reports_en_6597d07b07eb4_Vol_50_no_47-english.md,1,0,,0.5524,8,text_no_ocr,1.93
EPID_Reports_en_659e7c802c6b3_Vol_50_no_52-english.pdf,PDF_EXTRACT_EPID_Reports_en_659e7c802c6b3_Vol_50_no_52-english.md,1,0,,0.6038,8,text_no_ocr,1.52
EPID_Reports_en_65b8d3689b762_Vol_51_no_01-english.pdf,PDF_EXTRACT_EPID_Reports_en_65b8d3689b762_Vol_51_no_01-english.md,1,0,,0.5427,8,text_no_ocr,1.11
EPID_Reports_en_65c256e1a3188_Vol_50_no_30-english.pdf,PDF_EXTRACT_EPID_Reports_en_65c256e1a3188_Vol_50_no_30-english.md,1,0,,0.5540,10,text_no_ocr,1.18
EPID_Reports_en_65fc47cc869e2_Vol_51_no_09-english.pdf,PDF_EXTRACT_EPID_Reports_en_65fc47cc869e2_Vol_51_no_09-english.md,1,0,,0.5298,7,text_no_ocr,1.35
EPID_Reports_en_65fc4e4076150_Vol_51_no_08-english.pdf,PDF_EXTRACT_EPID_Reports_en_65fc4e4076150_Vol_51_no_08-english.md,1,0,,0.4985,6,text_no_ocr,1.46
EPID_Reports_en_65fc547b1177c_Vol_51_no_07-english.pdf,PDF_EXTRACT_EPID_Reports_en_65fc547b1177c_Vol_51_no_07-english.md,1,0,,0.4882,6,text_no_ocr,2.07
EPID_Reports_en_65fc60581a048_Vol_51_no_06-english.pdf,PDF_EXTRACT_EPID_Reports_en_65fc60581a048_Vol_51_no_06-english.md,1,0,,0.5178,6,text_no_ocr,1.53
EPID_Reports_en_65fc628912f33_Vol_51_no_05-english.pdf,PDF_EXTRACT_EPID_Reports_en_65fc628912f33_Vol_51_no_05-english.md,1,0,,0.5945,6,text_no_ocr,1.32
EPID_Reports_en_65fc6756ec7d6_Vol_51_no_04-english.pdf,PDF_EXTRACT_EPID_Reports_en_65fc6756ec7d6_Vol_51_no_04-english.md,1,0,,0.5079,9,text_no_ocr,1.42
EPID_Reports_en_65fc71dbe22ce_Vol_51_no_03-english.pdf,PDF_EXTRACT_EPID_Reports_en_65fc71dbe22ce_Vol_51_no_03-english.md,1,0,,0.5816,7,text_no_ocr,1.52
EPID_Reports_en_65fc755050a91_Vol_51_no_02-english.pdf,PDF_EXTRACT_EPID_Reports_en_65fc755050a91_Vol_51_no_02-english.md,1,0,,0.6396,7,text_no_ocr,1.28
EPID_Reports_en_6602904aa6a75_Vol_51_no_10-english.pdf,PDF_EXTRACT_EPID_Reports_en_6602904aa6a75_Vol_51_no_10-english.md,1,0,,0.5003,7,text_no_ocr,1.43
EPID_Reports_en_660e6d977a71b_Vol_51_no_11-english.pdf,PDF_EXTRACT_EPID_Reports_en_660e6d977a71b_Vol_51_no_11-english.md,1,0,,0.4956,7,text_no_ocr,1.19
EPID_Reports_en_661ea4cf29914_Vol_51_no_12-english.pdf,PDF_EXTRACT_EPID_Reports_en_661ea4cf29914_Vol_51_no_12-english.md,1,0,,0.4992,6,text_no_ocr,1.73
EPID_Reports_en_661ea55c0d8b5_Vol_51_no_13-english.pdf,PDF_EXTRACT_EPID_Reports_en_661ea55c0d8b5_Vol_51_no_13-english.md,1,0,,0.5260,9,text_no_ocr,1.27
EPID_Reports_en_6642eb38460d8_Vol_51_no_17-english.pdf,PDF_EXTRACT_EPID_Reports_en_6642eb38460d8_Vol_51_no_17-english.md,1,0,,0.4951,7,text_no_ocr,1.77
EPID_Reports_en_6643392246c49_Vol_51_no_14-english.pdf,PDF_EXTRACT_EPID_Reports_en_6643392246c49_Vol_51_no_14-english.md,1,0,,0.5731,7,text_no_ocr,1.36
EPID_Reports_en_664339d220499_Vol_51_no_15-english.pdf,PDF_EXTRACT_EPID_Reports_en_664339d220499_Vol_51_no_15-english.md,1,0,,0.6304,8,text_no_ocr,1.32
EPID_Reports_en_66433b57bd1c3_Vol_51_no_16-english.pdf,PDF_EXTRACT_EPID_Reports_en_66433b57bd1c3_Vol_51_no_16-english.md,1,0,,0.4644,7,text_no_ocr,1.50
EPID_Reports_en_66470ed89cc08_Vol_51_no_18-english.pdf,PDF_EXTRACT_EPID_Reports_en_66470ed89cc08_Vol_51_no_18-english.md,1,0,,0.5920,6,text_no_ocr,1.40
EPID_Reports_en_66594f05449fe_Vol_51_no_19-english.pdf,PDF_EXTRACT_EPID_Reports_en_66594f05449fe_Vol_51_no_19-english.md,1,0,,0.4884,7,text_no_ocr,1.59
EPID_Reports_en_6668202fbb31f_Vol_51_no_20-english.pdf,PDF_EXTRACT_EPID_Reports_en_6668202fbb31f_Vol_51_no_20-english.md,1,0,,0.4266,7,text_no_ocr,1.40
EPID_Reports_en_666820c3d617d_Vol_51_no_21-english.pdf,PDF_EXTRACT_EPID_Reports_en_666820c3d617d_Vol_51_no_21-english.md,1,0,,0.5607,7,text_no_ocr,1.15
EPID_Reports_en_6671117d736a4_Vol_51_no_22-english.pdf,PDF_EXTRACT_EPID_Reports_en_6671117d736a4_Vol_51_no_22-english.md,1,0,,0.5394,10,text_no_ocr,1.40
EPID_Reports_en_66779b291204f_Vol_51_no_23-english.pdf,PDF_EXTRACT_EPID_Reports_en_66779b291204f_Vol_51_no_23-english.md,1,0,,0.5624,9,text_no_ocr,1.31
EPID_Reports_en_6684d253a04fc_Vol_51_no_24-english.pdf,PDF_EXTRACT_EPID_Reports_en_6684d253a04fc_Vol_51_no_24-english.md,1,0,,0.6151,9,text_no_ocr,1.56
EPID_Reports_en_6694ff674fee1_Vol_51_no_25-english.pdf,PDF_EXTRACT_EPID_Reports_en_6694ff674fee1_Vol_51_no_25-english.md,1,0,,0.5245,9,text_no_ocr,1.32
EPID_Reports_en_6696544245aa2_Vol_51_no_26-english.pdf,PDF_EXTRACT_EPID_Reports_en_6696544245aa2_Vol_51_no_26-english.md,1,0,,0.5724,8,text_no_ocr,1.53
EPID_Reports_en_66a087ce95622_Vol_51_no_27-english.pdf,PDF_EXTRACT_EPID_Reports_en_66a087ce95622_Vol_51_no_27-english.md,1,0,,0.5112,8,text_no_ocr,1.60
EPID_Reports_en_66ac5da0ebd2d_Vol_51_no_28-english.pdf,PDF_EXTRACT_EPID_Reports_en_66ac5da0ebd2d_Vol_51_no_28-english.md,1,0,,0.5068,8,text_no_ocr,1.57
EPID_Reports_en_66b1cf8a4ad9f_Vol_51_no_29-english.pdf,PDF_EXTRACT_EPID_Reports_en_66b1cf8a4ad9f_Vol_51_no_29-english.md,1,0,,0.5628,8,text_no_ocr,1.60
EPID_Reports_en_66bf09b97f5a9_Vol_51_no_30-english.pdf,PDF_EXTRACT_EPID_Reports_en_66bf09b97f5a9_Vol_51_no_30-english.md,1,0,,0.5270,8,text_no_ocr,1.41
EPID_Reports_en_66d6b1a9a27ff_Vol_51_no_31-english.pdf,PDF_EXTRACT_EPID_Reports_en_66d6b1a9a27ff_Vol_51_no_31-english.md,1,0,,0.5877,7,text_no_ocr,1.30
EPID_Reports_en_66e0a3fb5dada_Vol_51_no_32-english.pdf,PDF_EXTRACT_EPID_Reports_en_66e0a3fb5dada_Vol_51_no_32-english.md,1,0,,0.5914,6,text_no_ocr,1.53
EPID_Reports_en_66e6d55fd7f20_Vol_51_no_33-english.pdf,PDF_EXTRACT_EPID_Reports_en_66e6d55fd7f20_Vol_51_no_33-english.md,1,0,,0.5323,7,text_no_ocr,1.39
EPID_Reports_en_66eb1c6a4410b_Vol_51_no_34-english.pdf,PDF_EXTRACT_EPID_Reports_en_66eb1c6a4410b_Vol_51_no_34-english.md,1,0,,0.5614,7,text_no_ocr,1.36
EPID_Reports_en_66fbbb2d086ab_Vol_51_no_35-english.pdf,PDF_EXTRACT_EPID_Reports_en_66fbbb2d086ab_Vol_51_no_35-english.md,1,0,,0.5199,7,text_no_ocr,1.39
EPID_Reports_en_66ff7279f1888_Vol_51_no_36-english.pdf,PDF_EXTRACT_EPID_Reports_en_66ff7279f1888_Vol_51_no_36-english.md,1,0,,0.5093,6,text_no_ocr,1.29
EPID_Reports_en_6720aaaf8a140_Vol_51_no_37-english.pdf,PDF_EXTRACT_EPID_Reports_en_6720aaaf8a140_Vol_51_no_37-english.md,1,0,,0.5672,7,text_no_ocr,1.21
EPID_Reports_en_672854d74d85a_Vol_51_no_38-english.pdf,PDF_EXTRACT_EPID_Reports_en_672854d74d85a_Vol_51_no_38-english.md,1,0,,0.4751,7,text_no_ocr,1.40
EPID_Reports_en_673db818c5fc5_Vol_51_no_39-english.pdf,PDF_EXTRACT_EPID_Reports_en_673db818c5fc5_Vol_51_no_39-english.md,1,0,,0.5121,8,text_no_ocr,1.43
EPID_Reports_en_674c6cd3a3abf_Vol_51_no_40-english.pdf,PDF_EXTRACT_EPID_Reports_en_674c6cd3a3abf_Vol_51_no_40-english.md,1,0,,0.5936,6,text_no_ocr,1.32
EPID_Reports_en_674dd927c23f5_Vol_51_no_41-english.pdf,PDF_EXTRACT_EPID_Reports_en_674dd927c23f5_Vol_51_no_41-english.md,1,0,,0.5958,7,text_no_ocr,1.38
EPID_Reports_en_6750164772a63_Vol_51_no_42-english.pdf,PDF_EXTRACT_EPID_Reports_en_6750164772a63_Vol_51_no_42-english.md,1,0,,0.4352,6,text_no_ocr,1.56
EPID_Reports_en_67528d453491c_Vol_51_no_43-english.pdf,PDF_EXTRACT_EPID_Reports_en_67528d453491c_Vol_51_no_43-english.md,1,0,,0.4747,8,text_no_ocr,1.43
EPID_Reports_en_676a4a657c59e_Vol_51_no_44-english.pdf,PDF_EXTRACT_EPID_Reports_en_676a4a657c59e_Vol_51_no_44-english.md,1,0,,0.6062,8,text_no_ocr,1.38
EPID_Reports_en_676b75522a914_Vol_51_no_45-english.pdf,PDF_EXTRACT_EPID_Reports_en_676b75522a914_Vol_51_no_45-english.md,1,0,,0.5797,7,text_no_ocr,1.49
EPID_Reports_en_676e4fc224102_Vol_51_no_46-english.pdf,PDF_EXTRACT_EPID_Reports_en_676e4fc224102_Vol_51_no_46-english.md,1,0,,0.5353,7,text_no_ocr,1.31
EPID_Reports_en_6774e69c98a1d_Vol_51_no_47-english.pdf,PDF_EXTRACT_EPID_Reports_en_6774e69c98a1d_Vol_51_no_47-english.md,1,0,,0.4689,7,text_no_ocr,1.33
EPID_Reports_en_6775145512e73_Vol_51_no_48-english.pdf,PDF_EXTRACT_EPID_Reports_en_6775145512e73_Vol_51_no_48-english.md,1,0,,0.5107,8,text_no_ocr,1.86
EPID_Reports_en_678dd36a7ca8f_Vol_51_no_49-english.pdf,PDF_EXTRACT_EPID_Reports_en_678dd36a7ca8f_Vol_51_no_49-english.md,1,0,,0.5025,7,text_no_ocr,1.65
EPID_Reports_en_679310bbce5a9_Vol_51_no_50-english.pdf,PDF_EXTRACT_EPID_Reports_en_679310bbce5a9_Vol_51_no_50-english.md,1,0,,0.5409,7,text_no_ocr,1.61
EPID_Reports_en_67aec5f8cb106_Vol_51_no_51-english.pdf,PDF_EXTRACT_EPID_Reports_en_67aec5f8cb106_Vol_51_no_51-english.md,1,0,,0.4508,6,text_no_ocr,1.51
EPID_Reports_en_67aec67b2a795_Vol_51_no_52-english.pdf,PDF_EXTRACT_EPID_Reports_en_67aec67b2a795_Vol_51_no_52-english.md,1,0,,0.4896,7,text_no_ocr,1.42
EPID_Reports_en_67c181e537afa_Vol_52_no_01-english.pdf,PDF_EXTRACT_EPID_Reports_en_67c181e537afa_Vol_52_no_01-english.md,1,0,,0.5836,9,text_no_ocr,1.05
EPID_Reports_en_67c96592b4988_Vol_52_no_02-english.pdf,PDF_EXTRACT_EPID_Reports_en_67c96592b4988_Vol_52_no_02-english.md,1,0,,0.6080,8,text_no_ocr,1.43
EPID_Reports_en_67cbde266f229_Vol_52_no_03-english.pdf,PDF_EXTRACT_EPID_Reports_en_67cbde266f229_Vol_52_no_03-english.md,1,0,,0.5370,7,text_no_ocr,1.62
EPID_Reports_en_67d264275bb79_Vol_52_no_04-english.pdf,PDF_EXTRACT_EPID_Reports_en_67d264275bb79_Vol_52_no_04-english.md,1,0,,0.5184,8,text_no_ocr,1.59
EPID_Reports_en_67d929c3161cb_Vol_52_no_05-english.pdf,PDF_EXTRACT_EPID_Reports_en_67d929c3161cb_Vol_52_no_05-english.md,1,0,,0.5551,8,text_no_ocr,1.32
EPID_Reports_en_67de6da079b22_Vol_52_no_06-english.pdf,PDF_EXTRACT_EPID_Reports_en_67de6da079b22_Vol_52_no_06-english.md,1,0,,0.6325,8,text_no_ocr,1.39
EPID_Reports_en_67e5146001bbd_Vol_52_no_07-english.pdf,PDF_EXTRACT_EPID_Reports_en_67e5146001bbd_Vol_52_no_07-english.md,1,0,,0.5580,8,text_no_ocr,1.41
EPID_Reports_en_6819e7a159d0c_Vol_52_no_08-english.pdf,PDF_EXTRACT_EPID_Reports_en_6819e7a159d0c_Vol_52_no_08-english.md,1,0,,0.4849,6,text_no_ocr,1.66
EPID_Reports_en_681b23febce64_Vol_52_no_09-english.pdf,PDF_EXTRACT_EPID_Reports_en_681b23febce64_Vol_52_no_09-english.md,1,0,,0.5713,8,text_no_ocr,1.37
EPID_Reports_en_6823310415d99_Vol_52_no_11-english.pdf,PDF_EXTRACT_EPID_Reports_en_6823310415d99_Vol_52_no_11-english.md,1,0,,0.5519,6,text_no_ocr,1.43
EPID_Reports_en_6824178f7d99c_Vol_52_no_12-english.pdf,PDF_EXTRACT_EPID_Reports_en_6824178f7d99c_Vol_52_no_12-english.md,1,0,,0.5523,9,text_no_ocr,1.61
EPID_Reports_en_682834bc71a0e_Vol_52_no_10-english.pdf,PDF_EXTRACT_EPID_Reports_en_682834bc71a0e_Vol_52_no_10-english.md,1,0,,0.5818,8,text_no_ocr,1.36
EPID_Reports_en_682d9006bc1e5_Vol_52_no_13-english.pdf,PDF_EXTRACT_EPID_Reports_en_682d9006bc1e5_Vol_52_no_13-english.md,1,0,,0.5967,8,text_no_ocr,1.51
EPID_Reports_en_68302c053bd87_Vol_52_no_14-english.pdf,PDF_EXTRACT_EPID_Reports_en_68302c053bd87_Vol_52_no_14-english.md,1,0,,0.6083,7,text_no_ocr,1.53
EPID_Reports_en_68318c6984b04_Vol_52_no_15-english.pdf,PDF_EXTRACT_EPID_Reports_en_68318c6984b04_Vol_52_no_15-english.md,1,0,,0.6349,8,text_no_ocr,1.19
EPID_Reports_en_683607e2186ef_Vol_52_no_16-english.pdf,PDF_EXTRACT_EPID_Reports_en_683607e2186ef_Vol_52_no_16-english.md,1,0,,0.5423,9,text_no_ocr,1.42
EPID_Reports_en_684d196aba837_Vol_52_no_17-english.pdf,PDF_EXTRACT_EPID_Reports_en_684d196aba837_Vol_52_no_17-english.md,1,0,,0.5337,6,text_no_ocr,1.40
EPID_Reports_en_6864b94915c87_Vol_52_no_18-english.pdf,PDF_EXTRACT_EPID_Reports_en_6864b94915c87_Vol_52_no_18-english.md,1,0,,0.5672,8,text_no_ocr,1.43
EPID_Reports_en_6872ab13dcf76_Vol_52_no_19-english.pdf,PDF_EXTRACT_EPID_Reports_en_6872ab13dcf76_Vol_52_no_19-english.md,1,0,,0.5773,7,text_no_ocr,1.11
EPID_Reports_en_688cfa4fd1ddd_Vol_52_no_20-english.pdf,PDF_EXTRACT_EPID_Reports_en_688cfa4fd1ddd_Vol_52_no_20-english.md,1,0,,0.5983,9,text_no_ocr,1.46
EPID_Reports_en_6895bbe31ca92_Chikungunya_-_Situation_Report_Updated_05-08-2025.pdf,PDF_EXTRACT_EPID_Reports_en_6895bbe31ca92_Chikungunya_-_Situation_Report_Updated_05-08-2025.md,1,0,,0.8731,2,text_no_ocr,0.39
EPID_Reports_en_68a4130e5177d_Vol_52_no_22-english.pdf,PDF_EXTRACT_EPID_Reports_en_68a4130e5177d_Vol_52_no_22-english.md,1,0,,0.4936,7,text_no_ocr,1.58
EPID_Reports_en_68a41de1ba48e_Vol_52_no_21-english.pdf,PDF_EXTRACT_EPID_Reports_en_68a41de1ba48e_Vol_52_no_21-english.md,1,0,,0.4898,6,text_no_ocr,1.53
EPID_Reports_en_68a7e565a6832_FINAL_NIS_2025_Report_-_18.08.2025_compressed.pdf,PDF_EXTRACT_EPID_Reports_en_68a7e565a6832_FINAL_NIS_2025_Report_-_18.08.2025_compressed.md,1,0,,0.9081,6,text_no_ocr,11.16
EPID_Reports_en_68aca1e16f16d_Vol_52_no_23-english.pdf,PDF_EXTRACT_EPID_Reports_en_68aca1e16f16d_Vol_52_no_23-english.md,1,0,,0.5712,7,text_no_ocr,1.27
EPID_Reports_en_68be966f8a5cb_Vol_52_no_24-english.pdf,PDF_EXTRACT_EPID_Reports_en_68be966f8a5cb_Vol_52_no_24-english.md,1,0,,0.5965,7,text_no_ocr,1.26
EPID_Reports_en_68bf32d4e49e0_Vol_52_no_25-english.pdf,PDF_EXTRACT_EPID_Reports_en_68bf32d4e49e0_Vol_52_no_25-english.md,1,0,,0.5016,7,text_no_ocr,1.33
EPID_Reports_en_68c0fe18c06eb_Vol_52_no_26-english.pdf,PDF_EXTRACT_EPID_Reports_en_68c0fe18c06eb_Vol_52_no_26-english.md,1,0,,0.5418,7,text_no_ocr,1.63
EPID_Reports_en_68c27a665bbd2_Chikungunya_-_Situation_Report_Updated_31-08-2025.pdf,PDF_EXTRACT_EPID_Reports_en_68c27a665bbd2_Chikungunya_-_Situation_Report_Updated_31-08-2025.md,1,0,,0.8742,2,text_no_ocr,0.39
EPID_Reports_en_68c8f8d9bf264_Vol_52_no_28-english.pdf,PDF_EXTRACT_EPID_Reports_en_68c8f8d9bf264_Vol_52_no_28-english.md,1,0,,0.5737,8,text_no_ocr,1.48
EPID_Reports_en_68c8fa4a49222_Vol_52_no_27-english.pdf,PDF_EXTRACT_EPID_Reports_en_68c8fa4a49222_Vol_52_no_27-english.md,1,0,,0.5032,7,text_no_ocr,1.91
EPID_Reports_en_68d61c68ae71e_Vol_52_no_29-english.pdf,PDF_EXTRACT_EPID_Reports_en_68d61c68ae71e_Vol_52_no_29-english.md,1,0,,0.5415,7,text_no_ocr,1.60
EPID_Reports_en_68d669abb50ab_Vol_52_no_30-english.pdf,PDF_EXTRACT_EPID_Reports_en_68d669abb50ab_Vol_52_no_30-english.md,1,0,,0.5672,9,text_no_ocr,1.76
EPID_Reports_en_68dd5db42f1aa_Vol_52_no_31-english.pdf,PDF_EXTRACT_EPID_Reports_en_68dd5db42f1aa_Vol_52_no_31-english.md,1,0,,0.5192,8,text_no_ocr,1.76
EPID_Reports_en_68dd5e582a94c_Vol_52_no_32-english.pdf,PDF_EXTRACT_EPID_Reports_en_68dd5e582a94c_Vol_52_no_32-english.md,1,0,,0.5536,8,text_no_ocr,1.53
EPID_Reports_en_68f0ad67ba04c_Vol_52_no_33-english.pdf,PDF_EXTRACT_EPID_Reports_en_68f0ad67ba04c_Vol_52_no_33-english.md,1,0,,0.5318,8,text_no_ocr,1.60
EPID_Reports_en_68f1eafd56f11_Vol_52_no_34-english.pdf,PDF_EXTRACT_EPID_Reports_en_68f1eafd56f11_Vol_52_no_34-english.md,1,0,,0.4737,6,text_no_ocr,1.43
EPID_Reports_en_68f5ca52a330b_Vol_52_no_35-english.pdf,PDF_EXTRACT_EPID_Reports_en_68f5ca52a330b_Vol_52_no_35-english.md,1,0,,0.5503,7,text_no_ocr,1.50
EPID_Reports_en_68f5d334eb339_Vol_52_no_36-english.pdf,PDF_EXTRACT_EPID_Reports_en_68f5d334eb339_Vol_52_no_36-english.md,1,0,,0.5389,7,text_no_ocr,1.66
EPID_Reports_en_6903083a5274f_Chikungunya_Situation_Report_30_09_2025.pdf,PDF_EXTRACT_EPID_Reports_en_6903083a5274f_Chikungunya_Situation_Report_30_09_2025.md,1,0,,0.9016,2,text_no_ocr,0.58
EPID_Reports_en_691ee2b32668a_Chikungunya_surveillance.pdf,PDF_EXTRACT_EPID_Reports_en_691ee2b32668a_Chikungunya_surveillance.md,1,0,,0.8472,3,ocr_retry,1.20
EPID_Reports_en_69206beb3b661_Chikungunya_-_Situation_Report_Updated_31-10-2025.pdf,PDF_EXTRACT_EPID_Reports_en_69206beb3b661_Chikungunya_-_Situation_Report_Updated_31-10-2025.md,1,0,,0.8961,2,text_no_ocr,0.38
EPID_Reports_en_692e9a9d780b1_Health_Emergency_Response-Floods_and_Landslides_2025_nw.pdf,PDF_EXTRACT_EPID_Reports_en_692e9a9d780b1_Health_Emergency_Response-Floods_and_Landslides_2025_nw.md,1,0,,0.9293,3,ocr_retry,0.91
EPID_Reports_en_693991333e67b_Guidelines_for_early_management_-_Leptospirosis_1_.pdf,PDF_EXTRACT_EPID_Reports_en_693991333e67b_Guidelines_for_early_management_-_Leptospirosis_1_.md,1,0,,0.8933,4,ocr_retry,1.23
EPID_Reports_en_6945702b8d058_November_-_Chikungunya_-_Situation_Report.pdf,PDF_EXTRACT_EPID_Reports_en_6945702b8d058_November_-_Chikungunya_-_Situation_Report.md,1,0,,0.8726,2,text_no_ocr,0.63
EPID_Reports_en_6945809370ea8_Vol_52_no_37-english.pdf,PDF_EXTRACT_EPID_Reports_en_6945809370ea8_Vol_52_no_37-english.md,1,0,,0.5301,7,text_no_ocr,1.66
EPID_Reports_en_694584abe9f6e_Vol_52_no_38-english.pdf,PDF_EXTRACT_EPID_Reports_en_694584abe9f6e_Vol_52_no_38-english.md,1,0,,0.4529,6,text_no_ocr,1.53
EPID_Reports_en_694ea365e555e_Vol_52_no_40-english.pdf,PDF_EXTRACT_EPID_Reports_en_694ea365e555e_Vol_52_no_40-english.md,1,0,,0.6034,6,text_no_ocr,1.71
EPID_Reports_en_6950fba5f17f7_Vol_52_no_41-english.pdf,PDF_EXTRACT_EPID_Reports_en_6950fba5f17f7_Vol_52_no_41-english.md,1,0,,0.5946,7,text_no_ocr,1.36
EPID_Reports_en_6952b68297558_Vol_52_no_42-english.pdf,PDF_EXTRACT_EPID_Reports_en_6952b68297558_Vol_52_no_42-english.md,1,0,,0.5421,7,text_no_ocr,1.61
EPID_Reports_en_695416a1d3c5e_Vol_52_no_43-english.pdf,PDF_EXTRACT_EPID_Reports_en_695416a1d3c5e_Vol_52_no_43-english.md,1,0,,0.4815,7,text_no_ocr,1.48
EPID_Reports_en_69562c925285c_Vol_52_no_39-english.pdf,PDF_EXTRACT_EPID_Reports_en_69562c925285c_Vol_52_no_39-english.md,1,0,,0.5460,7,text_no_ocr,1.55
EPID_Reports_en_6956accf27df1_Vol_52_no_44-english.pdf,PDF_EXTRACT_EPID_Reports_en_6956accf27df1_Vol_52_no_44-english.md,1,0,,0.4453,7,text_no_ocr,1.44
EPID_Reports_en_69577eb25c71d_Vol_52_no_45-english.pdf,PDF_EXTRACT_EPID_Reports_en_69577eb25c71d_Vol_52_no_45-english.md,1,0,,0.5137,6,text_no_ocr,1.32
EPID_Reports_en_695c8e00eef59_December_-_Chikungunya_-_Situation_Report.pdf,PDF_EXTRACT_EPID_Reports_en_695c8e00eef59_December_-_Chikungunya_-_Situation_Report.md,1,0,,0.8892,2,text_no_ocr,0.62
EPID_Reports_en_69628c05cebe0_Vol_52_no_46-english.pdf,PDF_EXTRACT_EPID_Reports_en_69628c05cebe0_Vol_52_no_46-english.md,1,0,,0.4420,6,text_no_ocr,1.37
EPID_Reports_en_6984e12a5f212_Vol_52_no_47-english.pdf,PDF_EXTRACT_EPID_Reports_en_6984e12a5f212_Vol_52_no_47-english.md,1,0,,0.5135,6,text_no_ocr,1.40
EPID_Reports_en_698b5ec9c1d7a_Vol_52_no_48-english.pdf,PDF_EXTRACT_EPID_Reports_en_698b5ec9c1d7a_Vol_52_no_48-english.md,1,0,,0.5316,8,text_no_ocr,1.58
EPID_Reports_en_698ccc6e34f74_Vol_52_no_49-english.pdf,PDF_EXTRACT_EPID_Reports_en_698ccc6e34f74_Vol_52_no_49-english.md,1,0,,0.5056,7,text_no_ocr,1.42
EPID_Reports_en_6991d50c7a45a_Vol_52_no_50-english.pdf,PDF_EXTRACT_EPID_Reports_en_6991d50c7a45a_Vol_52_no_50-english.md,1,0,,0.5463,7,text_no_ocr,1.42
EPID_Reports_en_6991d5900f66d_Vol_52_no_51-english.pdf,PDF_EXTRACT_EPID_Reports_en_6991d5900f66d_Vol_52_no_51-english.md,1,0,,0.4803,7,text_no_ocr,1.48
EPID_Reports_en_69961c77b6373_Vol_52_no_52-english.pdf,PDF_EXTRACT_EPID_Reports_en_69961c77b6373_Vol_52_no_52-english.md,1,0,,0.5214,8,text_no_ocr,1.22
EPID_Reports_Vol 38 NO 01 English.pdf,PDF_EXTRACT_EPID_Reports_Vol 38 NO 01 English.md,1,0,,0.6174,10,text_no_ocr,0.32
EPID_Reports_Vol 38 NO 02 English.pdf,PDF_EXTRACT_EPID_Reports_Vol 38 NO 02 English.md,1,0,,0.6582,6,text_no_ocr,0.32
EPID_Reports_Vol 38 NO 03 English.pdf,PDF_EXTRACT_EPID_Reports_Vol 38 NO 03 English.md,1,0,,0.5197,8,text_no_ocr,0.36
EPID_Reports_Vol 38 NO 04 English.pdf,PDF_EXTRACT_EPID_Reports_Vol 38 NO 04 English.md,1,0,,0.6631,7,text_no_ocr,0.28
EPID_Reports_Vol 38 NO 05 English.pdf,PDF_EXTRACT_EPID_Reports_Vol 38 NO 05 English.md,1,0,,0.6419,8,text_no_ocr,0.31
EPID_Reports_Vol 38 NO 06 English.pdf,PDF_EXTRACT_EPID_Reports_Vol 38 NO 06 English.md,1,0,,0.6132,7,text_no_ocr,0.42
EPID_Reports_Vol 38 NO 07 English.pdf,PDF_EXTRACT_EPID_Reports_Vol 38 NO 07 English.md,1,0,,0.5984,7,text_no_ocr,0.56
EPID_Reports_Vol 38 NO 08 English.pdf,PDF_EXTRACT_EPID_Reports_Vol 38 NO 08 English.md,1,0,,0.6135,7,text_no_ocr,0.43
EPID_Reports_Vol 38 NO 09 English.pdf,PDF_EXTRACT_EPID_Reports_Vol 38 NO 09 English.md,1,0,,0.6095,7,text_no_ocr,0.32
EPID_Reports_Vol 38 NO 10 English.pdf,PDF_EXTRACT_EPID_Reports_Vol 38 NO 10 English.md,1,0,,0.6298,6,text_no_ocr,0.40
EPID_Reports_Vol 38 NO 11 English.pdf,PDF_EXTRACT_EPID_Reports_Vol 38 NO 11 English.md,1,0,,0.6555,6,text_no_ocr,0.30
EPID_Reports_Vol 38 NO 13 English.pdf,PDF_EXTRACT_EPID_Reports_Vol 38 NO 13 English.md,1,0,,0.6288,6,text_no_ocr,0.31
EPID_Reports_Vol 38 NO 14 English.pdf,PDF_EXTRACT_EPID_Reports_Vol 38 NO 14 English.md,1,0,,0.6144,8,text_no_ocr,0.60
EPID_Reports_Vol 38 NO 15 English.pdf,PDF_EXTRACT_EPID_Reports_Vol 38 NO 15 English.md,1,0,,0.5316,7,text_no_ocr,0.64
EPID_Reports_Vol 38 NO 16 English.pdf,PDF_EXTRACT_EPID_Reports_Vol 38 NO 16 English.md,1,0,,0.6428,9,text_no_ocr,0.31
EPID_Reports_Vol 38 NO 17 English.pdf,PDF_EXTRACT_EPID_Reports_Vol 38 NO 17 English.md,1,0,,0.6397,6,text_no_ocr,0.30
EPID_Reports_Vol 38 NO 18 English.pdf,PDF_EXTRACT_EPID_Reports_Vol 38 NO 18 English.md,1,0,,0.6429,7,text_no_ocr,0.29
EPID_Reports_Vol 38 NO 19 English.pdf,PDF_EXTRACT_EPID_Reports_Vol 38 NO 19 English.md,1,0,,0.4638,7,text_no_ocr,0.31
EPID_Reports_Vol 38 NO 21 English.pdf,PDF_EXTRACT_EPID_Reports_Vol 38 NO 21 English.md,1,0,,0.6827,7,text_no_ocr,0.30
EPID_Reports_Vol 38 NO 22 English.pdf,PDF_EXTRACT_EPID_Reports_Vol 38 NO 22 English.md,1,0,,0.5949,6,text_no_ocr,0.31
EPID_Reports_Vol 38 NO 23 English.pdf,PDF_EXTRACT_EPID_Reports_Vol 38 NO 23 English.md,1,0,,0.5859,6,text_no_ocr,0.28
EPID_Reports_Vol 38 NO 24 English.pdf,PDF_EXTRACT_EPID_Reports_Vol 38 NO 24 English.md,1,0,,0.6174,7,text_no_ocr,0.30
EPID_Reports_Vol 38 NO 25 English.pdf,PDF_EXTRACT_EPID_Reports_Vol 38 NO 25 English.md,1,0,,0.6489,6,text_no_ocr,0.31
EPID_Reports_Vol 38 NO 26 English.pdf,PDF_EXTRACT_EPID_Reports_Vol 38 NO 26 English.md,1,0,,0.6010,6,text_no_ocr,0.29
EPID_Reports_Vol 38 NO 27 English.pdf,PDF_EXTRACT_EPID_Reports_Vol 38 NO 27 English.md,1,0,,0.5951,6,text_no_ocr,0.30
EPID_Reports_Vol 38 NO 29 English.pdf,PDF_EXTRACT_EPID_Reports_Vol 38 NO 29 English.md,1,0,,0.5338,8,text_no_ocr,0.29
EPID_Reports_Vol 38 NO 30 English.pdf,PDF_EXTRACT_EPID_Reports_Vol 38 NO 30 English.md,1,0,,0.6186,7,text_no_ocr,0.28
EPID_Reports_Vol 38 NO 31 English.pdf,PDF_EXTRACT_EPID_Reports_Vol 38 NO 31 English.md,1,0,,0.5499,7,text_no_ocr,0.30
EPID_Reports_Vol 38 NO 32 English.pdf,PDF_EXTRACT_EPID_Reports_Vol 38 NO 32 English.md,1,0,,0.5919,6,text_no_ocr,0.29
EPID_Reports_Vol 38 NO 33 English.pdf,PDF_EXTRACT_EPID_Reports_Vol 38 NO 33 English.md,1,0,,0.6195,8,text_no_ocr,0.31
EPID_Reports_Vol 38 NO 34 English.pdf,PDF_EXTRACT_EPID_Reports_Vol 38 NO 34 English.md,1,0,,0.6603,6,text_no_ocr,0.28
EPID_Reports_Vol 38 NO 35 English.pdf,PDF_EXTRACT_EPID_Reports_Vol 38 NO 35 English.md,1,0,,0.5849,6,text_no_ocr,0.31
EPID_Reports_Vol 38 NO 36 English.pdf,PDF_EXTRACT_EPID_Reports_Vol 38 NO 36 English.md,1,0,,0.6633,6,text_no_ocr,0.30
EPID_Reports_Vol 38 NO 37 English.pdf,PDF_EXTRACT_EPID_Reports_Vol 38 NO 37 English.md,1,0,,0.6726,6,text_no_ocr,0.30
EPID_Reports_Vol 38 NO 39 English.pdf,PDF_EXTRACT_EPID_Reports_Vol 38 NO 39 English.md,1,0,,0.6349,6,text_no_ocr,0.32
EPID_Reports_Vol 38 NO 40 English.pdf,PDF_EXTRACT_EPID_Reports_Vol 38 NO 40 English.md,1,0,,0.6648,6,text_no_ocr,0.29
EPID_Reports_Vol 38 NO 41 English.pdf,PDF_EXTRACT_EPID_Reports_Vol 38 NO 41 English.md,1,0,,0.6556,7,text_no_ocr,0.28
EPID_Reports_Vol 38 NO 42 English.pdf,PDF_EXTRACT_EPID_Reports_Vol 38 NO 42 English.md,1,0,,0.5732,6,text_no_ocr,0.30
EPID_Reports_Vol 38 NO 43 English.pdf,PDF_EXTRACT_EPID_Reports_Vol 38 NO 43 English.md,1,0,,0.6582,8,text_no_ocr,0.30
EPID_Reports_Vol 38 NO 44 English.pdf,PDF_EXTRACT_EPID_Reports_Vol 38 NO 44 English.md,1,0,,0.6173,7,text_no_ocr,0.37
EPID_Reports_Vol 38 NO 45 English.pdf,PDF_EXTRACT_EPID_Reports_Vol 38 NO 45 English.md,1,0,,0.6470,6,text_no_ocr,0.32
EPID_Reports_Vol 38 NO 46 English.pdf,PDF_EXTRACT_EPID_Reports_Vol 38 NO 46 English.md,1,0,,0.6348,7,text_no_ocr,0.32
EPID_Reports_Vol 38 NO 47 English.pdf,PDF_EXTRACT_EPID_Reports_Vol 38 NO 47 English.md,1,0,,0.5839,7,text_no_ocr,0.34
EPID_Reports_Vol 38 NO 48 English.pdf,PDF_EXTRACT_EPID_Reports_Vol 38 NO 48 English.md,1,0,,0.6300,6,text_no_ocr,0.31
EPID_Reports_Vol 38 NO 49 English.pdf,PDF_EXTRACT_EPID_Reports_Vol 38 NO 49 English.md,1,0,,0.6221,6,text_no_ocr,0.31
EPID_Reports_Vol 38 NO 50 English.pdf,PDF_EXTRACT_EPID_Reports_Vol 38 NO 50 English.md,1,0,,0.6276,6,text_no_ocr,0.32
EPID_Reports_Vol 38 NO 51 English.pdf,PDF_EXTRACT_EPID_Reports_Vol 38 NO 51 English.md,1,0,,0.5533,6,text_no_ocr,0.31
EPID_Reports_Vol 38 NO 52 English.pdf,PDF_EXTRACT_EPID_Reports_Vol 38 NO 52 English.md,1,0,,0.6479,7,text_no_ocr,0.32
EPID_Reports_Vol 39 NO 01 English.pdf,PDF_EXTRACT_EPID_Reports_Vol 39 NO 01 English.md,1,0,,0.6291,10,text_no_ocr,0.44
EPID_Reports_Vol 39 NO 03 English.pdf,PDF_EXTRACT_EPID_Reports_Vol 39 NO 03 English.md,1,0,,0.6625,7,text_no_ocr,0.45
EPID_Reports_Vol 39 NO 04 English.pdf,PDF_EXTRACT_EPID_Reports_Vol 39 NO 04 English.md,1,0,,0.5696,7,text_no_ocr,0.45
EPID_Reports_Vol 39 NO 05 English.pdf,PDF_EXTRACT_EPID_Reports_Vol 39 NO 05 English.md,1,0,,0.6445,6,text_no_ocr,0.44
EPID_Reports_Vol 39 NO 06 English.pdf,PDF_EXTRACT_EPID_Reports_Vol 39 NO 06 English.md,1,0,,0.6513,6,text_no_ocr,0.44
EPID_Reports_Vol 39 NO 07 English.pdf,PDF_EXTRACT_EPID_Reports_Vol 39 NO 07 English.md,1,0,,0.6480,7,text_no_ocr,0.46
EPID_Reports_Vol 39 NO 08 English.pdf,PDF_EXTRACT_EPID_Reports_Vol 39 NO 08 English.md,1,0,,0.5963,7,text_no_ocr,0.45
EPID_Reports_Vol 39 NO 10 English.pdf,PDF_EXTRACT_EPID_Reports_Vol 39 NO 10 English.md,1,0,,0.6498,6,text_no_ocr,0.46
EPID_Reports_Vol 39 NO 11 English.pdf,PDF_EXTRACT_EPID_Reports_Vol 39 NO 11 English.md,1,0,,0.6445,6,text_no_ocr,0.45
EPID_Reports_vol_34_no_01_english.pdf,PDF_EXTRACT_EPID_Reports_vol_34_no_01_english.md,1,0,,0.6072,9,text_no_ocr,0.17
EPID_Reports_vol_34_no_02_english.pdf,PDF_EXTRACT_EPID_Reports_vol_34_no_02_english.md,1,0,,0.5362,6,text_no_ocr,0.18
EPID_Reports_vol_34_no_03_english.pdf,PDF_EXTRACT_EPID_Reports_vol_34_no_03_english.md,1,0,,0.5767,6,text_no_ocr,0.21
EPID_Reports_vol_34_no_04_english.pdf,PDF_EXTRACT_EPID_Reports_vol_34_no_04_english.md,1,0,,0.5754,7,text_no_ocr,0.17
EPID_Reports_vol_34_no_05_english.pdf,PDF_EXTRACT_EPID_Reports_vol_34_no_05_english.md,1,0,,0.5875,8,text_no_ocr,0.18
EPID_Reports_vol_34_no_06_english.pdf,PDF_EXTRACT_EPID_Reports_vol_34_no_06_english.md,1,0,,0.4372,7,text_no_ocr,0.18
EPID_Reports_vol_34_no_07_english.pdf,PDF_EXTRACT_EPID_Reports_vol_34_no_07_english.md,1,0,,0.5226,6,text_no_ocr,0.18
EPID_Reports_vol_34_no_08_english.pdf,PDF_EXTRACT_EPID_Reports_vol_34_no_08_english.md,1,0,,0.5922,7,text_no_ocr,0.19
EPID_Reports_vol_34_no_09_english.pdf,PDF_EXTRACT_EPID_Reports_vol_34_no_09_english.md,1,0,,0.5635,6,text_no_ocr,0.18
EPID_Reports_vol_34_no_10_english.pdf,PDF_EXTRACT_EPID_Reports_vol_34_no_10_english.md,1,0,,0.5967,7,text_no_ocr,0.18
EPID_Reports_vol_34_no_11_english.pdf,PDF_EXTRACT_EPID_Reports_vol_34_no_11_english.md,1,0,,0.5547,7,text_no_ocr,0.18
EPID_Reports_vol_34_no_12_english.pdf,PDF_EXTRACT_EPID_Reports_vol_34_no_12_english.md,1,0,,0.5860,8,text_no_ocr,0.17
EPID_Reports_vol_34_no_13_english.pdf,PDF_EXTRACT_EPID_Reports_vol_34_no_13_english.md,1,0,,0.5685,7,text_no_ocr,0.19
EPID_Reports_vol_34_no_14_english.pdf,PDF_EXTRACT_EPID_Reports_vol_34_no_14_english.md,1,0,,0.6077,8,text_no_ocr,0.17
EPID_Reports_vol_34_no_15_english.pdf,PDF_EXTRACT_EPID_Reports_vol_34_no_15_english.md,1,0,,0.5875,8,text_no_ocr,0.17
EPID_Reports_vol_34_no_16_english.pdf,PDF_EXTRACT_EPID_Reports_vol_34_no_16_english.md,1,0,,0.5933,6,text_no_ocr,0.18
EPID_Reports_vol_34_no_17_english.pdf,PDF_EXTRACT_EPID_Reports_vol_34_no_17_english.md,1,0,,0.5871,6,text_no_ocr,0.18
EPID_Reports_vol_34_no_18_english.pdf,PDF_EXTRACT_EPID_Reports_vol_34_no_18_english.md,1,0,,0.5743,8,text_no_ocr,0.18
EPID_Reports_vol_34_no_19_english.pdf,PDF_EXTRACT_EPID_Reports_vol_34_no_19_english.md,1,0,,0.5779,6,text_no_ocr,0.17
EPID_Reports_vol_34_no_20_english.pdf,PDF_EXTRACT_EPID_Reports_vol_34_no_20_english.md,1,0,,0.5834,6,text_no_ocr,0.18
EPID_Reports_vol_34_no_21_english.pdf,PDF_EXTRACT_EPID_Reports_vol_34_no_21_english.md,1,0,,0.5880,9,text_no_ocr,0.20
EPID_Reports_vol_34_no_22_english.pdf,PDF_EXTRACT_EPID_Reports_vol_34_no_22_english.md,1,0,,0.5760,6,text_no_ocr,0.18
EPID_Reports_vol_34_no_23_english.pdf,PDF_EXTRACT_EPID_Reports_vol_34_no_23_english.md,1,0,,0.5835,9,text_no_ocr,0.18
EPID_Reports_vol_34_no_24_english.pdf,PDF_EXTRACT_EPID_Reports_vol_34_no_24_english.md,1,0,,0.4939,7,text_no_ocr,0.18
EPID_Reports_vol_34_no_25_english.pdf,PDF_EXTRACT_EPID_Reports_vol_34_no_25_english.md,1,0,,0.5816,6,text_no_ocr,0.18
EPID_Reports_vol_34_no_26_english.pdf,PDF_EXTRACT_EPID_Reports_vol_34_no_26_english.md,1,0,,0.6018,6,text_no_ocr,0.17
EPID_Reports_vol_34_no_27_english.pdf,PDF_EXTRACT_EPID_Reports_vol_34_no_27_english.md,1,0,,0.5753,6,text_no_ocr,0.18
EPID_Reports_vol_34_no_28_english.pdf,PDF_EXTRACT_EPID_Reports_vol_34_no_28_english.md,1,0,,0.5943,6,text_no_ocr,0.18
EPID_Reports_vol_34_no_29_english.pdf,PDF_EXTRACT_EPID_Reports_vol_34_no_29_english.md,1,0,,0.6035,7,text_no_ocr,0.17
EPID_Reports_vol_34_no_30_english.pdf,PDF_EXTRACT_EPID_Reports_vol_34_no_30_english.md,1,0,,0.5855,8,text_no_ocr,0.18
EPID_Reports_vol_34_no_31_english.pdf,PDF_EXTRACT_EPID_Reports_vol_34_no_31_english.md,1,0,,0.6025,7,text_no_ocr,0.18
EPID_Reports_vol_34_no_32_english.pdf,PDF_EXTRACT_EPID_Reports_vol_34_no_32_english.md,1,0,,0.5984,8,text_no_ocr,0.17
EPID_Reports_vol_34_no_33_english.pdf,PDF_EXTRACT_EPID_Reports_vol_34_no_33_english.md,1,0,,0.6086,8,text_no_ocr,0.17
EPID_Reports_vol_34_no_34_english.pdf,PDF_EXTRACT_EPID_Reports_vol_34_no_34_english.md,1,0,,0.6038,6,text_no_ocr,0.17
EPID_Reports_vol_34_no_35_english.pdf,PDF_EXTRACT_EPID_Reports_vol_34_no_35_english.md,1,0,,0.6023,8,text_no_ocr,0.17
EPID_Reports_vol_34_no_36_english.pdf,PDF_EXTRACT_EPID_Reports_vol_34_no_36_english.md,1,0,,0.6064,8,text_no_ocr,0.17
EPID_Reports_vol_34_no_37_english.pdf,PDF_EXTRACT_EPID_Reports_vol_34_no_37_english.md,1,0,,0.6070,7,text_no_ocr,0.18
EPID_Reports_vol_34_no_38_english.pdf,PDF_EXTRACT_EPID_Reports_vol_34_no_38_english.md,1,0,,0.6019,8,text_no_ocr,0.17
EPID_Reports_vol_34_no_39_english.pdf,PDF_EXTRACT_EPID_Reports_vol_34_no_39_english.md,1,0,,0.6009,9,text_no_ocr,0.18
EPID_Reports_vol_34_no_40_english.pdf,PDF_EXTRACT_EPID_Reports_vol_34_no_40_english.md,1,0,,0.5759,8,text_no_ocr,0.18
EPID_Reports_vol_34_no_41_english.pdf,PDF_EXTRACT_EPID_Reports_vol_34_no_41_english.md,1,0,,0.5924,6,text_no_ocr,0.18
EPID_Reports_vol_34_no_42_english.pdf,PDF_EXTRACT_EPID_Reports_vol_34_no_42_english.md,1,0,,0.5823,7,text_no_ocr,0.17
EPID_Reports_vol_34_no_43_english.pdf,PDF_EXTRACT_EPID_Reports_vol_34_no_43_english.md,1,0,,0.5954,6,text_no_ocr,0.18
EPID_Reports_vol_34_no_44_english.pdf,PDF_EXTRACT_EPID_Reports_vol_34_no_44_english.md,1,0,,0.6095,6,text_no_ocr,0.17
EPID_Reports_vol_34_no_45_english.pdf,PDF_EXTRACT_EPID_Reports_vol_34_no_45_english.md,1,0,,0.5801,7,text_no_ocr,0.18
EPID_Reports_vol_34_no_46_english.pdf,PDF_EXTRACT_EPID_Reports_vol_34_no_46_english.md,1,0,,0.5941,6,text_no_ocr,0.18
EPID_Reports_vol_34_no_47_english.pdf,PDF_EXTRACT_EPID_Reports_vol_34_no_47_english.md,1,0,,0.5989,7,text_no_ocr,0.18
EPID_Reports_vol_34_no_48_english.pdf,PDF_EXTRACT_EPID_Reports_vol_34_no_48_english.md,1,0,,0.4907,7,text_no_ocr,0.18
EPID_Reports_vol_34_no_49_english.pdf,PDF_EXTRACT_EPID_Reports_vol_34_no_49_english.md,1,0,,0.5942,6,text_no_ocr,0.18
EPID_Reports_vol_34_no_50_english.pdf,PDF_EXTRACT_EPID_Reports_vol_34_no_50_english.md,1,0,,0.5982,8,text_no_ocr,0.17
EPID_Reports_vol_34_no_51_english.pdf,PDF_EXTRACT_EPID_Reports_vol_34_no_51_english.md,1,0,,0.5931,9,text_no_ocr,0.18
EPID_Reports_vol_34_no_52_english.pdf,PDF_EXTRACT_EPID_Reports_vol_34_no_52_english.md,1,0,,0.6035,7,text_no_ocr,0.17
EPID_Reports_vol_35_no_01_english.pdf,PDF_EXTRACT_EPID_Reports_vol_35_no_01_english.md,1,0,,0.6077,10,text_no_ocr,0.16
EPID_Reports_vol_35_no_02_english.pdf,PDF_EXTRACT_EPID_Reports_vol_35_no_02_english.md,1,0,,0.5977,8,text_no_ocr,0.20
EPID_Reports_vol_35_no_03_english.pdf,PDF_EXTRACT_EPID_Reports_vol_35_no_03_english.md,1,0,,0.6073,6,text_no_ocr,0.15
EPID_Reports_vol_35_no_04_english.pdf,PDF_EXTRACT_EPID_Reports_vol_35_no_04_english.md,1,0,,0.6116,8,text_no_ocr,0.15
EPID_Reports_vol_35_no_05_english.pdf,PDF_EXTRACT_EPID_Reports_vol_35_no_05_english.md,1,0,,0.6060,6,text_no_ocr,0.15
EPID_Reports_vol_35_no_06_english.pdf,PDF_EXTRACT_EPID_Reports_vol_35_no_06_english.md,1,0,,0.5881,7,text_no_ocr,0.16
EPID_Reports_vol_35_no_07_english.pdf,PDF_EXTRACT_EPID_Reports_vol_35_no_07_english.md,1,0,,0.5975,7,text_no_ocr,0.15
EPID_Reports_vol_35_no_08_english.pdf,PDF_EXTRACT_EPID_Reports_vol_35_no_08_english.md,1,0,,0.6015,7,text_no_ocr,0.15
EPID_Reports_vol_35_no_09_english.pdf,PDF_EXTRACT_EPID_Reports_vol_35_no_09_english.md,1,0,,0.5638,7,text_no_ocr,0.15
EPID_Reports_vol_35_no_10_english.pdf,PDF_EXTRACT_EPID_Reports_vol_35_no_10_english.md,1,0,,0.5906,7,text_no_ocr,0.15
EPID_Reports_vol_35_no_11_english.pdf,PDF_EXTRACT_EPID_Reports_vol_35_no_11_english.md,1,0,,0.5640,7,text_no_ocr,0.16
EPID_Reports_vol_35_no_12_english.pdf,PDF_EXTRACT_EPID_Reports_vol_35_no_12_english.md,1,0,,0.5694,7,text_no_ocr,0.16
EPID_Reports_vol_35_no_13_english.pdf,PDF_EXTRACT_EPID_Reports_vol_35_no_13_english.md,1,0,,0.5677,7,text_no_ocr,0.16
EPID_Reports_vol_35_no_14_english.pdf,PDF_EXTRACT_EPID_Reports_vol_35_no_14_english.md,1,0,,0.5732,8,text_no_ocr,0.16
EPID_Reports_vol_35_no_15_english.pdf,PDF_EXTRACT_EPID_Reports_vol_35_no_15_english.md,1,0,,0.5849,9,text_no_ocr,0.16
EPID_Reports_vol_35_no_16_english.pdf,PDF_EXTRACT_EPID_Reports_vol_35_no_16_english.md,1,0,,0.5859,6,text_no_ocr,0.16
EPID_Reports_vol_35_no_17_english.pdf,PDF_EXTRACT_EPID_Reports_vol_35_no_17_english.md,1,0,,0.5422,8,text_no_ocr,0.15
EPID_Reports_vol_35_no_18_english.pdf,PDF_EXTRACT_EPID_Reports_vol_35_no_18_english.md,1,0,,0.5780,8,text_no_ocr,0.15
EPID_Reports_vol_35_no_19_english.pdf,PDF_EXTRACT_EPID_Reports_vol_35_no_19_english.md,1,0,,0.5836,7,text_no_ocr,0.16
EPID_Reports_vol_35_no_20_english.pdf,PDF_EXTRACT_EPID_Reports_vol_35_no_20_english.md,1,0,,0.5820,7,text_no_ocr,0.16
EPID_Reports_vol_35_no_21_english.pdf,PDF_EXTRACT_EPID_Reports_vol_35_no_21_english.md,1,0,,0.6091,9,text_no_ocr,0.16
EPID_Reports_vol_35_no_22_english.pdf,PDF_EXTRACT_EPID_Reports_vol_35_no_22_english.md,1,0,,0.5756,6,text_no_ocr,0.17
EPID_Reports_vol_35_no_23_english.pdf,PDF_EXTRACT_EPID_Reports_vol_35_no_23_english.md,1,0,,0.5668,6,text_no_ocr,0.18
EPID_Reports_vol_35_no_24_english.pdf,PDF_EXTRACT_EPID_Reports_vol_35_no_24_english.md,1,0,,0.5873,8,text_no_ocr,0.17
EPID_Reports_vol_35_no_25_english.pdf,PDF_EXTRACT_EPID_Reports_vol_35_no_25_english.md,1,0,,0.5681,6,text_no_ocr,0.17
EPID_Reports_vol_35_no_26_english.pdf,PDF_EXTRACT_EPID_Reports_vol_35_no_26_english.md,1,0,,0.5687,7,text_no_ocr,0.16
EPID_Reports_vol_35_no_27_english.pdf,PDF_EXTRACT_EPID_Reports_vol_35_no_27_english.md,1,0,,0.5627,7,text_no_ocr,0.16
EPID_Reports_vol_35_no_28_english.pdf,PDF_EXTRACT_EPID_Reports_vol_35_no_28_english.md,1,0,,0.5635,7,text_no_ocr,0.16
EPID_Reports_vol_35_no_29_english.pdf,PDF_EXTRACT_EPID_Reports_vol_35_no_29_english.md,1,0,,0.5539,6,text_no_ocr,0.16
EPID_Reports_vol_35_no_30_english.pdf,PDF_EXTRACT_EPID_Reports_vol_35_no_30_english.md,1,0,,0.5433,7,text_no_ocr,0.10
EPID_Reports_vol_35_no_31_english.pdf,PDF_EXTRACT_EPID_Reports_vol_35_no_31_english.md,1,0,,0.5704,9,text_no_ocr,0.09
EPID_Reports_vol_35_no_32_english.pdf,PDF_EXTRACT_EPID_Reports_vol_35_no_32_english.md,1,0,,0.5720,8,text_no_ocr,0.09
EPID_Reports_vol_35_no_33_english.pdf,PDF_EXTRACT_EPID_Reports_vol_35_no_33_english.md,1,0,,0.5801,8,text_no_ocr,0.09
EPID_Reports_vol_35_no_34_english.pdf,PDF_EXTRACT_EPID_Reports_vol_35_no_34_english.md,1,0,,0.5547,8,text_no_ocr,0.09
EPID_Reports_vol_35_no_35_english.pdf,PDF_EXTRACT_EPID_Reports_vol_35_no_35_english.md,1,0,,0.5750,6,text_no_ocr,0.09
EPID_Reports_vol_35_no_36_english.pdf,PDF_EXTRACT_EPID_Reports_vol_35_no_36_english.md,1,0,,0.5630,8,text_no_ocr,0.10
EPID_Reports_vol_35_no_37_english.pdf,PDF_EXTRACT_EPID_Reports_vol_35_no_37_english.md,1,0,,0.5452,8,text_no_ocr,0.09
EPID_Reports_vol_35_no_38_english.pdf,PDF_EXTRACT_EPID_Reports_vol_35_no_38_english.md,1,0,,0.4735,7,text_no_ocr,0.16
EPID_Reports_vol_35_no_39_english.pdf,PDF_EXTRACT_EPID_Reports_vol_35_no_39_english.md,1,0,,0.4587,7,text_no_ocr,0.16
EPID_Reports_vol_35_no_40_english.pdf,PDF_EXTRACT_EPID_Reports_vol_35_no_40_english.md,1,0,,0.5754,6,text_no_ocr,0.16
EPID_Reports_vol_35_no_41_english.pdf,PDF_EXTRACT_EPID_Reports_vol_35_no_41_english.md,1,0,,0.5682,6,text_no_ocr,0.16
EPID_Reports_vol_35_no_42_english.pdf,PDF_EXTRACT_EPID_Reports_vol_35_no_42_english.md,1,0,,0.5587,8,text_no_ocr,0.15
EPID_Reports_vol_35_no_43_english.pdf,PDF_EXTRACT_EPID_Reports_vol_35_no_43_english.md,1,0,,0.5536,10,text_no_ocr,0.15
EPID_Reports_vol_35_no_44_english.pdf,PDF_EXTRACT_EPID_Reports_vol_35_no_44_english.md,1,0,,0.5576,7,text_no_ocr,0.22
EPID_Reports_vol_35_no_45_english.pdf,PDF_EXTRACT_EPID_Reports_vol_35_no_45_english.md,1,0,,0.5958,6,text_no_ocr,0.16
EPID_Reports_vol_35_no_46_english.pdf,PDF_EXTRACT_EPID_Reports_vol_35_no_46_english.md,1,0,,0.5809,7,text_no_ocr,0.15
EPID_Reports_vol_35_no_47_english.pdf,PDF_EXTRACT_EPID_Reports_vol_35_no_47_english.md,1,0,,0.5981,6,text_no_ocr,0.18
EPID_Reports_vol_35_no_48_english.pdf,PDF_EXTRACT_EPID_Reports_vol_35_no_48_english.md,1,0,,0.6300,7,text_no_ocr,0.17
EPID_Reports_vol_35_no_49_english.pdf,PDF_EXTRACT_EPID_Reports_vol_35_no_49_english.md,1,0,,0.5933,6,text_no_ocr,0.18
EPID_Reports_vol_35_no_50_english.pdf,PDF_EXTRACT_EPID_Reports_vol_35_no_50_english.md,1,0,,0.6031,6,text_no_ocr,0.16
EPID_Reports_vol_35_no_51_english.pdf,PDF_EXTRACT_EPID_Reports_vol_35_no_51_english.md,1,0,,0.6065,10,text_no_ocr,0.16
EPID_Reports_vol_35_no_52_english.pdf,PDF_EXTRACT_EPID_Reports_vol_35_no_52_english.md,1,0,,0.5071,7,text_no_ocr,0.54
EPID_Reports_Vol_36_NO_01_English.pdf,PDF_EXTRACT_EPID_Reports_Vol_36_NO_01_English.md,1,0,,0.6023,10,text_no_ocr,0.36
EPID_Reports_Vol_36_NO_02_English.pdf,PDF_EXTRACT_EPID_Reports_Vol_36_NO_02_English.md,1,0,,0.6192,8,text_no_ocr,0.35
EPID_Reports_Vol_36_NO_03_English.pdf,PDF_EXTRACT_EPID_Reports_Vol_36_NO_03_English.md,1,0,,0.6139,7,text_no_ocr,0.35
EPID_Reports_Vol_36_NO_04_English.pdf,PDF_EXTRACT_EPID_Reports_Vol_36_NO_04_English.md,1,0,,0.6260,7,text_no_ocr,0.18
EPID_Reports_vol_36_no_05_english.pdf,PDF_EXTRACT_EPID_Reports_vol_36_no_05_english.md,1,0,,0.5899,9,text_no_ocr,0.18
EPID_Reports_vol_36_no_06_english.pdf,PDF_EXTRACT_EPID_Reports_vol_36_no_06_english.md,1,0,,0.6158,6,text_no_ocr,0.19
EPID_Reports_vol_36_no_07_english.pdf,PDF_EXTRACT_EPID_Reports_vol_36_no_07_english.md,1,0,,0.6211,6,text_no_ocr,0.19
EPID_Reports_vol_36_no_08_english.pdf,PDF_EXTRACT_EPID_Reports_vol_36_no_08_english.md,1,0,,0.6322,6,text_no_ocr,0.18
EPID_Reports_vol_36_no_09_english.pdf,PDF_EXTRACT_EPID_Reports_vol_36_no_09_english.md,1,0,,0.6662,7,text_no_ocr,0.18
EPID_Reports_vol_36_no_10_english.pdf,PDF_EXTRACT_EPID_Reports_vol_36_no_10_english.md,1,0,,0.6568,6,text_no_ocr,0.18
EPID_Reports_vol_36_no_11_english.pdf,PDF_EXTRACT_EPID_Reports_vol_36_no_11_english.md,1,0,,0.6364,9,text_no_ocr,0.18
EPID_Reports_vol_36_no_12_english.pdf,PDF_EXTRACT_EPID_Reports_vol_36_no_12_english.md,1,0,,0.6541,8,text_no_ocr,0.15
EPID_Reports_vol_36_no_13_english.pdf,PDF_EXTRACT_EPID_Reports_vol_36_no_13_english.md,1,0,,0.5939,9,text_no_ocr,0.17
EPID_Reports_vol_36_no_14_english.pdf,PDF_EXTRACT_EPID_Reports_vol_36_no_14_english.md,1,0,,0.5279,6,text_no_ocr,0.31
EPID_Reports_vol_36_no_15_english.pdf,PDF_EXTRACT_EPID_Reports_vol_36_no_15_english.md,1,0,,0.6276,6,text_no_ocr,0.28
EPID_Reports_vol_36_no_16_english.pdf,PDF_EXTRACT_EPID_Reports_vol_36_no_16_english.md,1,0,,0.6578,7,text_no_ocr,0.18
EPID_Reports_vol_36_no_17_english.pdf,PDF_EXTRACT_EPID_Reports_vol_36_no_17_english.md,1,0,,0.6498,7,text_no_ocr,0.17
EPID_Reports_vol_36_no_18_english.pdf,PDF_EXTRACT_EPID_Reports_vol_36_no_18_english.md,1,0,,0.6497,8,text_no_ocr,0.16
EPID_Reports_vol_36_no_19_english.pdf,PDF_EXTRACT_EPID_Reports_vol_36_no_19_english.md,1,0,,0.6662,8,text_no_ocr,0.16
EPID_Reports_vol_36_no_20_english.pdf,PDF_EXTRACT_EPID_Reports_vol_36_no_20_english.md,1,0,,0.6684,8,text_no_ocr,0.15
EPID_Reports_vol_36_no_21_english.pdf,PDF_EXTRACT_EPID_Reports_vol_36_no_21_english.md,1,0,,0.6592,8,text_no_ocr,0.15
EPID_Reports_vol_36_no_22_english.pdf,PDF_EXTRACT_EPID_Reports_vol_36_no_22_english.md,1,0,,0.6621,6,text_no_ocr,0.18
EPID_Reports_vol_36_no_23_english.pdf,PDF_EXTRACT_EPID_Reports_vol_36_no_23_english.md,1,0,,0.6583,6,text_no_ocr,0.15
EPID_Reports_vol_36_no_24_english.pdf,PDF_EXTRACT_EPID_Reports_vol_36_no_24_english.md,1,0,,0.6630,8,text_no_ocr,0.17
EPID_Reports_vol_36_no_25_english.pdf,PDF_EXTRACT_EPID_Reports_vol_36_no_25_english.md,1,0,,0.6199,6,text_no_ocr,0.17
EPID_Reports_vol_36_no_26_english.pdf,PDF_EXTRACT_EPID_Reports_vol_36_no_26_english.md,1,0,,0.6700,6,text_no_ocr,0.16
EPID_Reports_vol_36_no_27_english.pdf,PDF_EXTRACT_EPID_Reports_vol_36_no_27_english.md,1,0,,0.6307,10,text_no_ocr,0.17
EPID_Reports_vol_36_no_28_english.pdf,PDF_EXTRACT_EPID_Reports_vol_36_no_28_english.md,1,0,,0.6690,6,text_no_ocr,0.16
EPID_Reports_vol_36_no_29_english.pdf,PDF_EXTRACT_EPID_Reports_vol_36_no_29_english.md,1,0,,0.6348,6,text_no_ocr,0.17
EPID_Reports_vol_36_no_30_english.pdf,PDF_EXTRACT_EPID_Reports_vol_36_no_30_english.md,1,0,,0.6230,7,text_no_ocr,0.20
EPID_Reports_vol_36_no_31_english.pdf,PDF_EXTRACT_EPID_Reports_vol_36_no_31_english.md,1,0,,0.6015,8,text_no_ocr,0.28
EPID_Reports_vol_36_no_32_english.pdf,PDF_EXTRACT_EPID_Reports_vol_36_no_32_english.md,1,0,,0.6536,7,text_no_ocr,0.21
EPID_Reports_vol_36_no_33_english.pdf,PDF_EXTRACT_EPID_Reports_vol_36_no_33_english.md,1,0,,0.6218,6,text_no_ocr,0.16
EPID_Reports_vol_36_no_34_english.pdf,PDF_EXTRACT_EPID_Reports_vol_36_no_34_english.md,1,0,,0.6319,8,text_no_ocr,0.33
EPID_Reports_vol_36_no_35_english.pdf,PDF_EXTRACT_EPID_Reports_vol_36_no_35_english.md,1,0,,0.6383,8,text_no_ocr,0.25
EPID_Reports_vol_36_no_36_english.pdf,PDF_EXTRACT_EPID_Reports_vol_36_no_36_english.md,1,0,,0.5237,6,text_no_ocr,0.24
EPID_Reports_vol_36_no_37_english.pdf,PDF_EXTRACT_EPID_Reports_vol_36_no_37_english.md,1,0,,0.6041,6,text_no_ocr,0.21
EPID_Reports_vol_36_no_38_english.pdf,PDF_EXTRACT_EPID_Reports_vol_36_no_38_english.md,1,0,,0.4686,7,text_no_ocr,0.24
EPID_Reports_vol_36_no_39_english.pdf,PDF_EXTRACT_EPID_Reports_vol_36_no_39_english.md,1,0,,0.6355,9,text_no_ocr,0.22
EPID_Reports_vol_36_no_40_english.pdf,PDF_EXTRACT_EPID_Reports_vol_36_no_40_english.md,1,0,,0.6381,9,text_no_ocr,0.20
EPID_Reports_vol_36_no_41_english.pdf,PDF_EXTRACT_EPID_Reports_vol_36_no_41_english.md,1,0,,0.6253,9,text_no_ocr,0.22
EPID_Reports_vol_36_no_42_english.pdf,PDF_EXTRACT_EPID_Reports_vol_36_no_42_english.md,1,0,,0.5379,7,text_no_ocr,0.21
EPID_Reports_vol_36_no_43_english.pdf,PDF_EXTRACT_EPID_Reports_vol_36_no_43_english.md,1,0,,0.5621,8,text_no_ocr,0.17
EPID_Reports_vol_36_no_44_english.pdf,PDF_EXTRACT_EPID_Reports_vol_36_no_44_english.md,1,0,,0.5942,9,text_no_ocr,0.18
EPID_Reports_vol_36_no_45_english.pdf,PDF_EXTRACT_EPID_Reports_vol_36_no_45_english.md,1,0,,0.6275,10,text_no_ocr,0.18
EPID_Reports_vol_36_no_46_english.pdf,PDF_EXTRACT_EPID_Reports_vol_36_no_46_english.md,1,0,,0.5304,6,text_no_ocr,0.23
EPID_Reports_vol_36_no_47_english.pdf,PDF_EXTRACT_EPID_Reports_vol_36_no_47_english.md,1,0,,0.5733,8,text_no_ocr,0.17
EPID_Reports_vol_36_no_48_english.pdf,PDF_EXTRACT_EPID_Reports_vol_36_no_48_english.md,1,0,,0.6133,6,text_no_ocr,0.27
EPID_Reports_vol_36_no_49_english.pdf,PDF_EXTRACT_EPID_Reports_vol_36_no_49_english.md,1,0,,0.6164,6,text_no_ocr,0.24
EPID_Reports_vol_36_no_50_english.pdf,PDF_EXTRACT_EPID_Reports_vol_36_no_50_english.md,1,0,,0.4727,6,text_no_ocr,0.19
EPID_Reports_vol_36_no_51_english.pdf,PDF_EXTRACT_EPID_Reports_vol_36_no_51_english.md,1,0,,0.5809,7,text_no_ocr,0.20
EPID_Reports_vol_36_no_52_english.pdf,PDF_EXTRACT_EPID_Reports_vol_36_no_52_english.md,1,0,,0.5202,10,text_no_ocr,0.20
EPID_Reports_vol_36_no_53_english.pdf,PDF_EXTRACT_EPID_Reports_vol_36_no_53_english.md,1,0,,0.5255,8,text_no_ocr,0.16
EPID_Reports_vol_37_no_01_english.pdf,PDF_EXTRACT_EPID_Reports_vol_37_no_01_english.md,1,0,,0.6583,10,text_no_ocr,0.20
EPID_Reports_vol_37_no_02_english.pdf,PDF_EXTRACT_EPID_Reports_vol_37_no_02_english.md,1,0,,0.6720,10,text_no_ocr,0.21
EPID_Reports_vol_37_no_03_english.pdf,PDF_EXTRACT_EPID_Reports_vol_37_no_03_english.md,1,0,,0.5903,7,text_no_ocr,0.25
EPID_Reports_vol_37_no_04_english.pdf,PDF_EXTRACT_EPID_Reports_vol_37_no_04_english.md,1,0,,0.7243,8,text_no_ocr,0.19
EPID_Reports_vol_37_no_05_english.pdf,PDF_EXTRACT_EPID_Reports_vol_37_no_05_english.md,1,0,,0.6541,7,text_no_ocr,0.22
EPID_Reports_vol_37_no_06_english.pdf,PDF_EXTRACT_EPID_Reports_vol_37_no_06_english.md,1,0,,0.6421,7,text_no_ocr,0.17
EPID_Reports_vol_37_no_07_english.pdf,PDF_EXTRACT_EPID_Reports_vol_37_no_07_english.md,1,0,,0.5938,8,text_no_ocr,0.17
EPID_Reports_vol_37_no_08_english.pdf,PDF_EXTRACT_EPID_Reports_vol_37_no_08_english.md,1,0,,0.5175,8,text_no_ocr,0.17
EPID_Reports_vol_37_no_09_english.pdf,PDF_EXTRACT_EPID_Reports_vol_37_no_09_english.md,1,0,,0.6519,7,text_no_ocr,0.16
EPID_Reports_vol_37_no_10_english.pdf,PDF_EXTRACT_EPID_Reports_vol_37_no_10_english.md,1,0,,0.5516,7,text_no_ocr,0.16
EPID_Reports_vol_37_no_11_english.pdf,PDF_EXTRACT_EPID_Reports_vol_37_no_11_english.md,1,0,,0.5337,6,text_no_ocr,0.31
EPID_Reports_vol_37_no_12_english.pdf,PDF_EXTRACT_EPID_Reports_vol_37_no_12_english.md,1,0,,0.6714,9,text_no_ocr,0.19
EPID_Reports_vol_37_no_13_english.pdf,PDF_EXTRACT_EPID_Reports_vol_37_no_13_english.md,1,0,,0.6384,7,text_no_ocr,0.20
EPID_Reports_vol_37_no_14_english.pdf,PDF_EXTRACT_EPID_Reports_vol_37_no_14_english.md,1,0,,0.6116,7,text_no_ocr,0.38
EPID_Reports_vol_37_no_15_english.pdf,PDF_EXTRACT_EPID_Reports_vol_37_no_15_english.md,1,0,,0.6764,8,text_no_ocr,0.17
EPID_Reports_vol_37_no_16_english.pdf,PDF_EXTRACT_EPID_Reports_vol_37_no_16_english.md,1,0,,0.6142,10,text_no_ocr,0.22
EPID_Reports_vol_37_no_17_english.pdf,PDF_EXTRACT_EPID_Reports_vol_37_no_17_english.md,1,0,,0.6409,8,text_no_ocr,0.20
EPID_Reports_vol_37_no_18_english.pdf,PDF_EXTRACT_EPID_Reports_vol_37_no_18_english.md,1,0,,0.6486,7,text_no_ocr,0.17
EPID_Reports_vol_37_no_19_english.pdf,PDF_EXTRACT_EPID_Reports_vol_37_no_19_english.md,1,0,,0.6981,8,text_no_ocr,0.23
EPID_Reports_vol_37_no_20_english.pdf,PDF_EXTRACT_EPID_Reports_vol_37_no_20_english.md,1,0,,0.5857,7,text_no_ocr,0.18
EPID_Reports_vol_37_no_21_english.pdf,PDF_EXTRACT_EPID_Reports_vol_37_no_21_english.md,1,0,,0.6522,7,text_no_ocr,0.21
EPID_Reports_vol_37_no_22_english.pdf,PDF_EXTRACT_EPID_Reports_vol_37_no_22_english.md,1,0,,0.6584,10,text_no_ocr,0.30
EPID_Reports_vol_37_no_23_english.pdf,PDF_EXTRACT_EPID_Reports_vol_37_no_23_english.md,1,0,,0.6484,9,text_no_ocr,0.21
EPID_Reports_vol_37_no_24_english.pdf,PDF_EXTRACT_EPID_Reports_vol_37_no_24_english.md,1,0,,0.6723,8,text_no_ocr,0.17
EPID_Reports_vol_37_no_25_english.pdf,PDF_EXTRACT_EPID_Reports_vol_37_no_25_english.md,1,0,,0.6127,7,text_no_ocr,0.24
EPID_Reports_vol_37_no_26_english.pdf,PDF_EXTRACT_EPID_Reports_vol_37_no_26_english.md,1,0,,0.5609,6,text_no_ocr,0.19
EPID_Reports_vol_37_no_27_english.pdf,PDF_EXTRACT_EPID_Reports_vol_37_no_27_english.md,1,0,,0.6202,8,text_no_ocr,0.24
EPID_Reports_vol_37_no_28_english.pdf,PDF_EXTRACT_EPID_Reports_vol_37_no_28_english.md,1,0,,0.6657,6,text_no_ocr,0.21
EPID_Reports_vol_37_no_29_english.pdf,PDF_EXTRACT_EPID_Reports_vol_37_no_29_english.md,1,0,,0.6648,6,text_no_ocr,0.21
EPID_Reports_vol_37_no_30_english.pdf,PDF_EXTRACT_EPID_Reports_vol_37_no_30_english.md,1,0,,0.6086,6,text_no_ocr,0.18
EPID_Reports_vol_37_no_31_english.pdf,PDF_EXTRACT_EPID_Reports_vol_37_no_31_english.md,1,0,,0.6538,7,text_no_ocr,0.20
EPID_Reports_vol_37_no_32_english.pdf,PDF_EXTRACT_EPID_Reports_vol_37_no_32_english.md,1,0,,0.5973,9,text_no_ocr,0.30
EPID_Reports_vol_37_no_33_english.pdf,PDF_EXTRACT_EPID_Reports_vol_37_no_33_english.md,1,0,,0.7006,6,text_no_ocr,0.35
EPID_Reports_vol_37_no_34_english.pdf,PDF_EXTRACT_EPID_Reports_vol_37_no_34_english.md,1,0,,0.6830,6,text_no_ocr,0.17
EPID_Reports_vol_37_no_35_english.pdf,PDF_EXTRACT_EPID_Reports_vol_37_no_35_english.md,1,0,,0.6465,7,text_no_ocr,0.20
EPID_Reports_vol_37_no_36_english.pdf,PDF_EXTRACT_EPID_Reports_vol_37_no_36_english.md,1,0,,0.6723,7,text_no_ocr,0.21
EPID_Reports_vol_37_no_37_english.pdf,PDF_EXTRACT_EPID_Reports_vol_37_no_37_english.md,1,0,,0.6773,7,text_no_ocr,0.16
EPID_Reports_vol_37_no_38_english.pdf,PDF_EXTRACT_EPID_Reports_vol_37_no_38_english.md,1,0,,0.6291,6,text_no_ocr,0.16
EPID_Reports_vol_37_no_39_english.pdf,PDF_EXTRACT_EPID_Reports_vol_37_no_39_english.md,1,0,,0.6323,8,text_no_ocr,0.19
EPID_Reports_vol_37_no_40_english.pdf,PDF_EXTRACT_EPID_Reports_vol_37_no_40_english.md,1,0,,0.6303,7,text_no_ocr,0.26
EPID_Reports_vol_37_no_41_english.pdf,PDF_EXTRACT_EPID_Reports_vol_37_no_41_english.md,1,0,,0.6220,7,text_no_ocr,0.25
EPID_Reports_vol_37_no_42_english.pdf,PDF_EXTRACT_EPID_Reports_vol_37_no_42_english.md,1,0,,0.6459,10,text_no_ocr,0.21
EPID_Reports_vol_37_no_43_english.pdf,PDF_EXTRACT_EPID_Reports_vol_37_no_43_english.md,1,0,,0.6246,7,text_no_ocr,0.27
EPID_Reports_vol_37_no_44_english.pdf,PDF_EXTRACT_EPID_Reports_vol_37_no_44_english.md,1,0,,0.6011,7,text_no_ocr,0.33
EPID_Reports_vol_37_no_45_english.pdf,PDF_EXTRACT_EPID_Reports_vol_37_no_45_english.md,1,0,,0.6524,8,text_no_ocr,0.21
EPID_Reports_vol_37_no_46_english.pdf,PDF_EXTRACT_EPID_Reports_vol_37_no_46_english.md,1,0,,0.6582,7,text_no_ocr,0.21
EPID_Reports_vol_37_no_47_english.pdf,PDF_EXTRACT_EPID_Reports_vol_37_no_47_english.md,1,0,,0.6499,7,text_no_ocr,0.39
EPID_Reports_vol_37_no_48_english.pdf,PDF_EXTRACT_EPID_Reports_vol_37_no_48_english.md,1,0,,0.6576,6,text_no_ocr,0.38
EPID_Reports_vol_37_no_49_english.pdf,PDF_EXTRACT_EPID_Reports_vol_37_no_49_english.md,1,1,alpha_ratio<0.25;keyword_hits<1,0.2228,0,ocr_retry,0.16
EPID_Reports_vol_37_no_50_english.pdf,PDF_EXTRACT_EPID_Reports_vol_37_no_50_english.md,1,0,,0.6893,9,text_no_ocr,0.20
EPID_Reports_vol_37_no_51_english.pdf,PDF_EXTRACT_EPID_Reports_vol_37_no_51_english.md,1,0,,0.6099,7,text_no_ocr,0.18
EPID_Reports_vol_37_no_52_english.pdf,PDF_EXTRACT_EPID_Reports_vol_37_no_52_english.md,1,0,,0.5904,6,text_no_ocr,0.17
EPID_Reports_Vol_38_NO_01_English.pdf,PDF_EXTRACT_EPID_Reports_Vol_38_NO_01_English.md,1,0,,0.6172,10,text_no_ocr,0.32
EPID_Reports_Vol_38_NO_02_English.pdf,PDF_EXTRACT_EPID_Reports_Vol_38_NO_02_English.md,1,0,,0.6581,6,text_no_ocr,0.32
EPID_Reports_Vol_38_NO_03_English.pdf,PDF_EXTRACT_EPID_Reports_Vol_38_NO_03_English.md,1,0,,0.5195,8,text_no_ocr,0.36
EPID_Reports_Vol_38_NO_04_English.pdf,PDF_EXTRACT_EPID_Reports_Vol_38_NO_04_English.md,1,0,,0.6629,7,text_no_ocr,0.28
EPID_Reports_Vol_38_NO_05_English.pdf,PDF_EXTRACT_EPID_Reports_Vol_38_NO_05_English.md,1,0,,0.6417,8,text_no_ocr,0.31
EPID_Reports_Vol_38_NO_06_English.pdf,PDF_EXTRACT_EPID_Reports_Vol_38_NO_06_English.md,1,0,,0.6131,7,text_no_ocr,0.42
EPID_Reports_Vol_38_NO_07_English.pdf,PDF_EXTRACT_EPID_Reports_Vol_38_NO_07_English.md,1,0,,0.5982,7,text_no_ocr,0.56
EPID_Reports_Vol_38_NO_08_English.pdf,PDF_EXTRACT_EPID_Reports_Vol_38_NO_08_English.md,1,0,,0.6133,7,text_no_ocr,0.43
EPID_Reports_Vol_38_NO_09_English.pdf,PDF_EXTRACT_EPID_Reports_Vol_38_NO_09_English.md,1,0,,0.6094,7,text_no_ocr,0.32
EPID_Reports_Vol_38_NO_10_English.pdf,PDF_EXTRACT_EPID_Reports_Vol_38_NO_10_English.md,1,0,,0.6296,6,text_no_ocr,0.40
EPID_Reports_Vol_38_NO_11_English.pdf,PDF_EXTRACT_EPID_Reports_Vol_38_NO_11_English.md,1,0,,0.6553,6,text_no_ocr,0.30
EPID_Reports_Vol_38_NO_12_English.pdf,PDF_EXTRACT_EPID_Reports_Vol_38_NO_12_English.md,1,0,,0.6398,6,text_no_ocr,0.31
EPID_Reports_Vol_38_NO_13_English.pdf,PDF_EXTRACT_EPID_Reports_Vol_38_NO_13_English.md,1,0,,0.6286,6,text_no_ocr,0.31
EPID_Reports_Vol_38_NO_14_English.pdf,PDF_EXTRACT_EPID_Reports_Vol_38_NO_14_English.md,1,0,,0.6143,8,text_no_ocr,0.60
EPID_Reports_Vol_38_NO_15_English.pdf,PDF_EXTRACT_EPID_Reports_Vol_38_NO_15_English.md,1,0,,0.5315,7,text_no_ocr,0.64
EPID_Reports_Vol_38_NO_16_English.pdf,PDF_EXTRACT_EPID_Reports_Vol_38_NO_16_English.md,1,0,,0.6426,9,text_no_ocr,0.31
EPID_Reports_Vol_38_NO_17_English.pdf,PDF_EXTRACT_EPID_Reports_Vol_38_NO_17_English.md,1,0,,0.6396,6,text_no_ocr,0.30
EPID_Reports_Vol_38_NO_18_English.pdf,PDF_EXTRACT_EPID_Reports_Vol_38_NO_18_English.md,1,0,,0.6428,7,text_no_ocr,0.29
EPID_Reports_Vol_38_NO_19_English.pdf,PDF_EXTRACT_EPID_Reports_Vol_38_NO_19_English.md,1,0,,0.4637,7,text_no_ocr,0.31
EPID_Reports_Vol_38_NO_20_English.pdf,PDF_EXTRACT_EPID_Reports_Vol_38_NO_20_English.md,1,0,,0.5773,6,text_no_ocr,0.32
EPID_Reports_Vol_38_NO_21_English.pdf,PDF_EXTRACT_EPID_Reports_Vol_38_NO_21_English.md,1,0,,0.6826,7,text_no_ocr,0.30
EPID_Reports_Vol_38_NO_22_English.pdf,PDF_EXTRACT_EPID_Reports_Vol_38_NO_22_English.md,1,0,,0.5948,6,text_no_ocr,0.31
EPID_Reports_Vol_38_NO_23_English.pdf,PDF_EXTRACT_EPID_Reports_Vol_38_NO_23_English.md,1,0,,0.5857,6,text_no_ocr,0.28
EPID_Reports_Vol_38_NO_24_English.pdf,PDF_EXTRACT_EPID_Reports_Vol_38_NO_24_English.md,1,0,,0.6173,7,text_no_ocr,0.30
EPID_Reports_Vol_38_NO_25_English.pdf,PDF_EXTRACT_EPID_Reports_Vol_38_NO_25_English.md,1,0,,0.6488,6,text_no_ocr,0.31
EPID_Reports_Vol_38_NO_26_English.pdf,PDF_EXTRACT_EPID_Reports_Vol_38_NO_26_English.md,1,0,,0.6008,6,text_no_ocr,0.29
EPID_Reports_Vol_38_NO_27_English.pdf,PDF_EXTRACT_EPID_Reports_Vol_38_NO_27_English.md,1,0,,0.5949,6,text_no_ocr,0.30
EPID_Reports_Vol_38_NO_28_English.pdf,PDF_EXTRACT_EPID_Reports_Vol_38_NO_28_English.md,1,0,,0.6102,6,text_no_ocr,0.30
EPID_Reports_Vol_38_NO_29_English.pdf,PDF_EXTRACT_EPID_Reports_Vol_38_NO_29_English.md,1,0,,0.5337,8,text_no_ocr,0.29
EPID_Reports_Vol_38_NO_30_English.pdf,PDF_EXTRACT_EPID_Reports_Vol_38_NO_30_English.md,1,0,,0.6184,7,text_no_ocr,0.28
EPID_Reports_Vol_38_NO_31_English.pdf,PDF_EXTRACT_EPID_Reports_Vol_38_NO_31_English.md,1,0,,0.5498,7,text_no_ocr,0.30
EPID_Reports_Vol_38_NO_32_English.pdf,PDF_EXTRACT_EPID_Reports_Vol_38_NO_32_English.md,1,0,,0.5917,6,text_no_ocr,0.29
EPID_Reports_Vol_38_NO_33_English.pdf,PDF_EXTRACT_EPID_Reports_Vol_38_NO_33_English.md,1,0,,0.6194,8,text_no_ocr,0.31
EPID_Reports_Vol_38_NO_34_English.pdf,PDF_EXTRACT_EPID_Reports_Vol_38_NO_34_English.md,1,0,,0.6601,6,text_no_ocr,0.28
EPID_Reports_Vol_38_NO_35_English.pdf,PDF_EXTRACT_EPID_Reports_Vol_38_NO_35_English.md,1,0,,0.5847,6,text_no_ocr,0.31
EPID_Reports_Vol_38_NO_36_English.pdf,PDF_EXTRACT_EPID_Reports_Vol_38_NO_36_English.md,1,0,,0.6632,6,text_no_ocr,0.30
EPID_Reports_Vol_38_NO_37_English.pdf,PDF_EXTRACT_EPID_Reports_Vol_38_NO_37_English.md,1,0,,0.6725,6,text_no_ocr,0.30
EPID_Reports_Vol_38_NO_38_English.pdf,PDF_EXTRACT_EPID_Reports_Vol_38_NO_38_English.md,1,0,,0.6341,7,text_no_ocr,0.30
EPID_Reports_Vol_38_NO_39_English.pdf,PDF_EXTRACT_EPID_Reports_Vol_38_NO_39_English.md,1,0,,0.6348,6,text_no_ocr,0.32
EPID_Reports_Vol_38_NO_40_English.pdf,PDF_EXTRACT_EPID_Reports_Vol_38_NO_40_English.md,1,0,,0.6646,6,text_no_ocr,0.29
EPID_Reports_Vol_38_NO_41_English.pdf,PDF_EXTRACT_EPID_Reports_Vol_38_NO_41_English.md,1,0,,0.6554,7,text_no_ocr,0.28
EPID_Reports_Vol_38_NO_42_English.pdf,PDF_EXTRACT_EPID_Reports_Vol_38_NO_42_English.md,1,0,,0.5731,6,text_no_ocr,0.30
EPID_Reports_Vol_38_NO_43_English.pdf,PDF_EXTRACT_EPID_Reports_Vol_38_NO_43_English.md,1,0,,0.6581,8,text_no_ocr,0.30
EPID_Reports_Vol_38_NO_44_English.pdf,PDF_EXTRACT_EPID_Reports_Vol_38_NO_44_English.md,1,0,,0.6171,7,text_no_ocr,0.37
EPID_Reports_Vol_38_NO_45_English.pdf,PDF_EXTRACT_EPID_Reports_Vol_38_NO_45_English.md,1,0,,0.6469,6,text_no_ocr,0.32
EPID_Reports_Vol_38_NO_46_English.pdf,PDF_EXTRACT_EPID_Reports_Vol_38_NO_46_English.md,1,0,,0.6347,7,text_no_ocr,0.32
EPID_Reports_Vol_38_NO_47_English.pdf,PDF_EXTRACT_EPID_Reports_Vol_38_NO_47_English.md,1,0,,0.5837,7,text_no_ocr,0.34
EPID_Reports_Vol_38_NO_48_English.pdf,PDF_EXTRACT_EPID_Reports_Vol_38_NO_48_English.md,1,0,,0.6299,6,text_no_ocr,0.31
EPID_Reports_Vol_38_NO_49_English.pdf,PDF_EXTRACT_EPID_Reports_Vol_38_NO_49_English.md,1,0,,0.6219,6,text_no_ocr,0.31
EPID_Reports_Vol_38_NO_50_English.pdf,PDF_EXTRACT_EPID_Reports_Vol_38_NO_50_English.md,1,0,,0.6275,6,text_no_ocr,0.32
EPID_Reports_Vol_38_NO_51_English.pdf,PDF_EXTRACT_EPID_Reports_Vol_38_NO_51_English.md,1,0,,0.5532,6,text_no_ocr,0.31
EPID_Reports_Vol_38_NO_52_English.pdf,PDF_EXTRACT_EPID_Reports_Vol_38_NO_52_English.md,1,0,,0.6477,7,text_no_ocr,0.32
EPID_Reports_Vol_39_NO_01_English.pdf,PDF_EXTRACT_EPID_Reports_Vol_39_NO_01_English.md,1,0,,0.6290,10,text_no_ocr,0.44
EPID_Reports_Vol_39_NO_02_English.pdf,PDF_EXTRACT_EPID_Reports_Vol_39_NO_02_English.md,1,0,,0.6857,6,text_no_ocr,0.42
EPID_Reports_Vol_39_NO_03_English.pdf,PDF_EXTRACT_EPID_Reports_Vol_39_NO_03_English.md,1,0,,0.6623,7,text_no_ocr,0.45
EPID_Reports_Vol_39_NO_04_English.pdf,PDF_EXTRACT_EPID_Reports_Vol_39_NO_04_English.md,1,0,,0.5694,7,text_no_ocr,0.45
EPID_Reports_Vol_39_NO_05_English.pdf,PDF_EXTRACT_EPID_Reports_Vol_39_NO_05_English.md,1,0,,0.6443,6,text_no_ocr,0.44
EPID_Reports_Vol_39_NO_06_English.pdf,PDF_EXTRACT_EPID_Reports_Vol_39_NO_06_English.md,1,0,,0.6512,6,text_no_ocr,0.44
EPID_Reports_Vol_39_NO_07_English.pdf,PDF_EXTRACT_EPID_Reports_Vol_39_NO_07_English.md,1,0,,0.6478,7,text_no_ocr,0.46
EPID_Reports_Vol_39_NO_08_English.pdf,PDF_EXTRACT_EPID_Reports_Vol_39_NO_08_English.md,1,0,,0.5961,7,text_no_ocr,0.45
EPID_Reports_Vol_39_NO_09_English.pdf,PDF_EXTRACT_EPID_Reports_Vol_39_NO_09_English.md,1,0,,0.6558,10,text_no_ocr,0.47
EPID_Reports_Vol_39_NO_10_English.pdf,PDF_EXTRACT_EPID_Reports_Vol_39_NO_10_English.md,1,0,,0.6497,6,text_no_ocr,0.46
EPID_Reports_Vol_39_NO_11_English.pdf,PDF_EXTRACT_EPID_Reports_Vol_39_NO_11_English.md,1,0,,0.6443,6,text_no_ocr,0.45
EPID_Reports_vol_39_no_12_english.pdf,PDF_EXTRACT_EPID_Reports_vol_39_no_12_english.md,1,0,,0.5745,6,text_no_ocr,0.43
EPID_Reports_vol_39_no_13_english.pdf,PDF_EXTRACT_EPID_Reports_vol_39_no_13_english.md,1,0,,0.5308,9,text_no_ocr,0.48
EPID_Reports_vol_39_no_14_english.pdf,PDF_EXTRACT_EPID_Reports_vol_39_no_14_english.md,1,0,,0.5070,7,text_no_ocr,0.46
EPID_Reports_vol_39_no_15_english.pdf,PDF_EXTRACT_EPID_Reports_vol_39_no_15_english.md,1,0,,0.6251,7,text_no_ocr,0.46
EPID_Reports_vol_39_no_16_english.pdf,PDF_EXTRACT_EPID_Reports_vol_39_no_16_english.md,1,0,,0.6218,7,text_no_ocr,0.43
EPID_Reports_vol_39_no_17_english.pdf,PDF_EXTRACT_EPID_Reports_vol_39_no_17_english.md,1,0,,0.5698,6,text_no_ocr,0.43
EPID_Reports_vol_39_no_18_english.pdf,PDF_EXTRACT_EPID_Reports_vol_39_no_18_english.md,1,0,,0.4969,7,text_no_ocr,0.85
EPID_Reports_vol_39_no_19_english.pdf,PDF_EXTRACT_EPID_Reports_vol_39_no_19_english.md,1,0,,0.5759,7,text_no_ocr,0.64
EPID_Reports_vol_39_no_20_english.pdf,PDF_EXTRACT_EPID_Reports_vol_39_no_20_english.md,1,0,,0.5640,7,text_no_ocr,1.50
EPID_Reports_vol_39_no_21_english.pdf,PDF_EXTRACT_EPID_Reports_vol_39_no_21_english.md,1,0,,0.5288,7,text_no_ocr,0.46
EPID_Reports_vol_39_no_22_english.pdf,PDF_EXTRACT_EPID_Reports_vol_39_no_22_english.md,1,0,,0.6591,6,text_no_ocr,0.44
EPID_Reports_vol_39_no_23_english.pdf,PDF_EXTRACT_EPID_Reports_vol_39_no_23_english.md,1,0,,0.5446,6,text_no_ocr,0.42
EPID_Reports_vol_39_no_24_english.pdf,PDF_EXTRACT_EPID_Reports_vol_39_no_24_english.md,1,0,,0.5708,6,text_no_ocr,0.42
EPID_Reports_vol_39_no_25_english.pdf,PDF_EXTRACT_EPID_Reports_vol_39_no_25_english.md,1,0,,0.5834,7,text_no_ocr,0.46
EPID_Reports_vol_39_no_26_english.pdf,PDF_EXTRACT_EPID_Reports_vol_39_no_26_english.md,1,0,,0.6455,6,text_no_ocr,0.43
EPID_Reports_vol_39_no_27_english.pdf,PDF_EXTRACT_EPID_Reports_vol_39_no_27_english.md,1,0,,0.6360,7,text_no_ocr,0.42
EPID_Reports_vol_39_no_28_english.pdf,PDF_EXTRACT_EPID_Reports_vol_39_no_28_english.md,1,0,,0.5307,6,text_no_ocr,0.50
EPID_Reports_vol_39_no_29_english.pdf,PDF_EXTRACT_EPID_Reports_vol_39_no_29_english.md,1,0,,0.5513,7,text_no_ocr,0.49
EPID_Reports_vol_39_no_30_english.pdf,PDF_EXTRACT_EPID_Reports_vol_39_no_30_english.md,1,0,,0.6313,7,text_no_ocr,0.47
EPID_Reports_vol_39_no_31_english.pdf,PDF_EXTRACT_EPID_Reports_vol_39_no_31_english.md,1,0,,0.5893,7,text_no_ocr,0.49
EPID_Reports_vol_39_no_32_english.pdf,PDF_EXTRACT_EPID_Reports_vol_39_no_32_english.md,1,0,,0.6411,6,text_no_ocr,0.42
EPID_Reports_vol_39_no_33_english.pdf,PDF_EXTRACT_EPID_Reports_vol_39_no_33_english.md,1,0,,0.6227,8,text_no_ocr,0.43
EPID_Reports_vol_39_no_34_english.pdf,PDF_EXTRACT_EPID_Reports_vol_39_no_34_english.md,1,0,,0.5426,7,text_no_ocr,0.55
EPID_Reports_vol_39_no_35_english.pdf,PDF_EXTRACT_EPID_Reports_vol_39_no_35_english.md,1,0,,0.6296,7,text_no_ocr,0.42
EPID_Reports_vol_39_no_36_english.pdf,PDF_EXTRACT_EPID_Reports_vol_39_no_36_english.md,1,0,,0.6243,7,text_no_ocr,0.45
EPID_Reports_vol_39_no_37_english.pdf,PDF_EXTRACT_EPID_Reports_vol_39_no_37_english.md,1,0,,0.6237,9,text_no_ocr,0.44
EPID_Reports_vol_39_no_38_english.pdf,PDF_EXTRACT_EPID_Reports_vol_39_no_38_english.md,1,0,,0.5776,7,text_no_ocr,0.24
EPID_Reports_vol_39_no_39_english.pdf,PDF_EXTRACT_EPID_Reports_vol_39_no_39_english.md,1,0,,0.6457,7,text_no_ocr,0.27
EPID_Reports_vol_39_no_40_english.pdf,PDF_EXTRACT_EPID_Reports_vol_39_no_40_english.md,1,0,,0.6639,8,text_no_ocr,0.27
EPID_Reports_vol_39_no_41_english.pdf,PDF_EXTRACT_EPID_Reports_vol_39_no_41_english.md,1,0,,0.6629,6,text_no_ocr,0.28
EPID_Reports_vol_39_no_42_english.pdf,PDF_EXTRACT_EPID_Reports_vol_39_no_42_english.md,1,0,,0.6545,6,text_no_ocr,0.28
EPID_Reports_vol_39_no_43_english.pdf,PDF_EXTRACT_EPID_Reports_vol_39_no_43_english.md,1,0,,0.5254,8,text_no_ocr,0.28
EPID_Reports_vol_39_no_44_english.pdf,PDF_EXTRACT_EPID_Reports_vol_39_no_44_english.md,1,0,,0.5767,8,text_no_ocr,0.31
EPID_Reports_vol_39_no_45_english.pdf,PDF_EXTRACT_EPID_Reports_vol_39_no_45_english.md,1,0,,0.6388,9,text_no_ocr,0.28
EPID_Reports_vol_39_no_46_english.pdf,PDF_EXTRACT_EPID_Reports_vol_39_no_46_english.md,1,0,,0.6453,6,text_no_ocr,0.29
EPID_Reports_vol_39_no_47_english.pdf,PDF_EXTRACT_EPID_Reports_vol_39_no_47_english.md,1,0,,0.5083,7,text_no_ocr,0.27
EPID_Reports_vol_39_no_48_english.pdf,PDF_EXTRACT_EPID_Reports_vol_39_no_48_english.md,1,0,,0.6354,6,text_no_ocr,0.28
EPID_Reports_vol_39_no_49_english.pdf,PDF_EXTRACT_EPID_Reports_vol_39_no_49_english.md,1,0,,0.6198,7,text_no_ocr,0.29
EPID_Reports_vol_39_no_50_english.pdf,PDF_EXTRACT_EPID_Reports_vol_39_no_50_english.md,1,0,,0.5122,7,text_no_ocr,0.27
EPID_Reports_vol_39_no_51_english.pdf,PDF_EXTRACT_EPID_Reports_vol_39_no_51_english.md,1,0,,0.4980,8,text_no_ocr,0.29
EPID_Reports_vol_39_no_52_english.pdf,PDF_EXTRACT_EPID_Reports_vol_39_no_52_english.md,1,0,,0.6475,8,text_no_ocr,0.29
EPID_Reports_vol_40_no_01_english.pdf,PDF_EXTRACT_EPID_Reports_vol_40_no_01_english.md,1,0,,0.6492,10,text_no_ocr,0.26
EPID_Reports_vol_40_no_02_english.pdf,PDF_EXTRACT_EPID_Reports_vol_40_no_02_english.md,1,0,,0.6303,6,text_no_ocr,0.26
EPID_Reports_vol_40_no_03_english.pdf,PDF_EXTRACT_EPID_Reports_vol_40_no_03_english.md,1,0,,0.6493,6,text_no_ocr,0.26
EPID_Reports_vol_40_no_04_english.pdf,PDF_EXTRACT_EPID_Reports_vol_40_no_04_english.md,1,0,,0.4562,8,text_no_ocr,0.32
EPID_Reports_vol_40_no_05_english.pdf,PDF_EXTRACT_EPID_Reports_vol_40_no_05_english.md,1,0,,0.6789,6,text_no_ocr,0.27
EPID_Reports_vol_40_no_06_english.pdf,PDF_EXTRACT_EPID_Reports_vol_40_no_06_english.md,1,0,,0.6372,7,text_no_ocr,0.25
EPID_Reports_vol_40_no_07_english.pdf,PDF_EXTRACT_EPID_Reports_vol_40_no_07_english.md,1,0,,0.6596,8,text_no_ocr,0.26
EPID_Reports_vol_40_no_08_english.pdf,PDF_EXTRACT_EPID_Reports_vol_40_no_08_english.md,1,0,,0.6005,9,text_no_ocr,0.29
EPID_Reports_vol_40_no_09_english.pdf,PDF_EXTRACT_EPID_Reports_vol_40_no_09_english.md,1,0,,0.6763,6,text_no_ocr,0.27
EPID_Reports_vol_40_no_10_english.pdf,PDF_EXTRACT_EPID_Reports_vol_40_no_10_english.md,1,0,,0.6644,7,text_no_ocr,0.26
EPID_Reports_vol_40_no_11_english.pdf,PDF_EXTRACT_EPID_Reports_vol_40_no_11_english.md,1,0,,0.6065,7,text_no_ocr,0.26
EPID_Reports_vol_40_no_12_english.pdf,PDF_EXTRACT_EPID_Reports_vol_40_no_12_english.md,1,0,,0.5665,8,text_no_ocr,0.30
EPID_Reports_vol_40_no_13_english.pdf,PDF_EXTRACT_EPID_Reports_vol_40_no_13_english.md,1,0,,0.6372,6,text_no_ocr,0.25
EPID_Reports_vol_40_no_14_english.pdf,PDF_EXTRACT_EPID_Reports_vol_40_no_14_english.md,1,0,,0.5798,6,text_no_ocr,0.37
EPID_Reports_vol_40_no_15_english.pdf,PDF_EXTRACT_EPID_Reports_vol_40_no_15_english.md,1,0,,0.5083,7,text_no_ocr,0.28
EPID_Reports_vol_40_no_16_english.pdf,PDF_EXTRACT_EPID_Reports_vol_40_no_16_english.md,1,0,,0.6777,6,text_no_ocr,0.27
EPID_Reports_vol_40_no_17_english.pdf,PDF_EXTRACT_EPID_Reports_vol_40_no_17_english.md,1,0,,0.5400,7,text_no_ocr,0.32
EPID_Reports_vol_40_no_18_english.pdf,PDF_EXTRACT_EPID_Reports_vol_40_no_18_english.md,1,0,,0.6084,6,text_no_ocr,0.29
EPID_Reports_vol_40_no_19_english.pdf,PDF_EXTRACT_EPID_Reports_vol_40_no_19_english.md,1,0,,0.6756,6,text_no_ocr,0.23
EPID_Reports_vol_40_no_20_english.pdf,PDF_EXTRACT_EPID_Reports_vol_40_no_20_english.md,1,0,,0.5202,7,text_no_ocr,0.22
EPID_Reports_vol_40_no_21_english.pdf,PDF_EXTRACT_EPID_Reports_vol_40_no_21_english.md,1,0,,0.5291,8,text_no_ocr,0.27
EPID_Reports_vol_40_no_22_english.pdf,PDF_EXTRACT_EPID_Reports_vol_40_no_22_english.md,1,0,,0.6429,7,text_no_ocr,0.27
EPID_Reports_vol_40_no_23_english.pdf,PDF_EXTRACT_EPID_Reports_vol_40_no_23_english.md,1,0,,0.6519,6,text_no_ocr,0.27
EPID_Reports_vol_40_no_24_english.pdf,PDF_EXTRACT_EPID_Reports_vol_40_no_24_english.md,1,0,,0.6136,6,text_no_ocr,0.23
EPID_Reports_vol_40_no_25_english.pdf,PDF_EXTRACT_EPID_Reports_vol_40_no_25_english.md,1,0,,0.5740,7,text_no_ocr,0.23
EPID_Reports_vol_40_no_26_english.pdf,PDF_EXTRACT_EPID_Reports_vol_40_no_26_english.md,1,0,,0.6212,7,text_no_ocr,0.23
EPID_Reports_vol_40_no_27_english.pdf,PDF_EXTRACT_EPID_Reports_vol_40_no_27_english.md,1,0,,0.5259,6,text_no_ocr,0.29
EPID_Reports_vol_40_no_28_english.pdf,PDF_EXTRACT_EPID_Reports_vol_40_no_28_english.md,1,0,,0.6183,8,text_no_ocr,0.27
EPID_Reports_vol_40_no_29_english.pdf,PDF_EXTRACT_EPID_Reports_vol_40_no_29_english.md,1,0,,0.5336,6,text_no_ocr,0.26
EPID_Reports_vol_40_no_30_english.pdf,PDF_EXTRACT_EPID_Reports_vol_40_no_30_english.md,1,0,,0.6079,8,text_no_ocr,0.31
EPID_Reports_vol_40_no_31_english.pdf,PDF_EXTRACT_EPID_Reports_vol_40_no_31_english.md,1,0,,0.6373,6,text_no_ocr,0.24
EPID_Reports_vol_40_no_32_english.pdf,PDF_EXTRACT_EPID_Reports_vol_40_no_32_english.md,1,0,,0.6318,6,text_no_ocr,0.25
EPID_Reports_vol_40_no_33_english.pdf,PDF_EXTRACT_EPID_Reports_vol_40_no_33_english.md,1,0,,0.5985,6,text_no_ocr,0.24
EPID_Reports_vol_40_no_34_english.pdf,PDF_EXTRACT_EPID_Reports_vol_40_no_34_english.md,1,0,,0.5363,7,text_no_ocr,0.28
EPID_Reports_vol_40_no_35_english.pdf,PDF_EXTRACT_EPID_Reports_vol_40_no_35_english.md,1,0,,0.5783,6,text_no_ocr,0.29
EPID_Reports_vol_40_no_36_english.pdf,PDF_EXTRACT_EPID_Reports_vol_40_no_36_english.md,1,0,,0.6248,8,text_no_ocr,0.26
EPID_Reports_vol_40_no_37_english.pdf,PDF_EXTRACT_EPID_Reports_vol_40_no_37_english.md,1,0,,0.6433,7,text_no_ocr,0.25
EPID_Reports_vol_40_no_38_english.pdf,PDF_EXTRACT_EPID_Reports_vol_40_no_38_english.md,1,0,,0.5487,6,text_no_ocr,0.25
EPID_Reports_vol_40_no_39_english.pdf,PDF_EXTRACT_EPID_Reports_vol_40_no_39_english.md,1,0,,0.6214,8,text_no_ocr,0.27
EPID_Reports_vol_40_no_40_english.pdf,PDF_EXTRACT_EPID_Reports_vol_40_no_40_english.md,1,0,,0.6345,6,text_no_ocr,0.28
EPID_Reports_vol_40_no_41_english.pdf,PDF_EXTRACT_EPID_Reports_vol_40_no_41_english.md,1,0,,0.6396,7,text_no_ocr,0.19
EPID_Reports_vol_40_no_42_english.pdf,PDF_EXTRACT_EPID_Reports_vol_40_no_42_english.md,1,0,,0.6320,7,text_no_ocr,0.19
EPID_Reports_vol_40_no_43_english.pdf,PDF_EXTRACT_EPID_Reports_vol_40_no_43_english.md,1,0,,0.5380,7,text_no_ocr,0.40
EPID_Reports_vol_40_no_44_english.pdf,PDF_EXTRACT_EPID_Reports_vol_40_no_44_english.md,1,0,,0.6396,7,text_no_ocr,0.37
EPID_Reports_vol_40_no_45_english.pdf,PDF_EXTRACT_EPID_Reports_vol_40_no_45_english.md,1,0,,0.6105,7,text_no_ocr,0.38
EPID_Reports_vol_40_no_46_english.pdf,PDF_EXTRACT_EPID_Reports_vol_40_no_46_english.md,1,0,,0.6254,8,text_no_ocr,0.37
EPID_Reports_vol_40_no_47_english.pdf,PDF_EXTRACT_EPID_Reports_vol_40_no_47_english.md,1,0,,0.5546,8,text_no_ocr,0.32
EPID_Reports_vol_40_no_48_english.pdf,PDF_EXTRACT_EPID_Reports_vol_40_no_48_english.md,1,0,,0.6045,8,text_no_ocr,0.20
EPID_Reports_vol_40_no_49_english.pdf,PDF_EXTRACT_EPID_Reports_vol_40_no_49_english.md,1,0,,0.5768,6,text_no_ocr,0.16
EPID_Reports_vol_40_no_50_english.pdf,PDF_EXTRACT_EPID_Reports_vol_40_no_50_english.md,1,0,,0.4642,6,text_no_ocr,0.24
EPID_Reports_vol_40_no_51_english.pdf,PDF_EXTRACT_EPID_Reports_vol_40_no_51_english.md,1,0,,0.5707,6,text_no_ocr,0.32
EPID_Reports_vol_40_no_52_english.pdf,PDF_EXTRACT_EPID_Reports_vol_40_no_52_english.md,1,0,,0.6231,8,text_no_ocr,0.20
EPID_Reports_vol_41_no_01-english.pdf,PDF_EXTRACT_EPID_Reports_vol_41_no_01-english.md,1,0,,0.6300,10,text_no_ocr,0.94
EPID_Reports_vol_41_no_02-english.pdf,PDF_EXTRACT_EPID_Reports_vol_41_no_02-english.md,1,0,,0.6576,9,text_no_ocr,0.99
EPID_Reports_vol_41_no_03-english.pdf,PDF_EXTRACT_EPID_Reports_vol_41_no_03-english.md,1,0,,0.6452,7,text_no_ocr,0.96
EPID_Reports_vol_41_no_04-english.pdf,PDF_EXTRACT_EPID_Reports_vol_41_no_04-english.md,1,0,,0.5396,9,text_no_ocr,1.21
EPID_Reports_vol_41_no_05-english.pdf,PDF_EXTRACT_EPID_Reports_vol_41_no_05-english.md,1,0,,0.6286,6,text_no_ocr,0.96
EPID_Reports_vol_41_no_06-english.pdf,PDF_EXTRACT_EPID_Reports_vol_41_no_06-english.md,1,0,,0.6278,8,text_no_ocr,0.98
EPID_Reports_vol_41_no_07-english.pdf,PDF_EXTRACT_EPID_Reports_vol_41_no_07-english.md,1,0,,0.6245,8,text_no_ocr,0.96
EPID_Reports_vol_41_no_08-english.pdf,PDF_EXTRACT_EPID_Reports_vol_41_no_08-english.md,1,0,,0.5566,7,text_no_ocr,1.21
EPID_Reports_vol_41_no_09-english.pdf,PDF_EXTRACT_EPID_Reports_vol_41_no_09-english.md,1,0,,0.6231,7,text_no_ocr,0.99
EPID_Reports_vol_41_no_10-english.pdf,PDF_EXTRACT_EPID_Reports_vol_41_no_10-english.md,1,0,,0.5987,9,text_no_ocr,0.98
EPID_Reports_vol_41_no_11-english.pdf,PDF_EXTRACT_EPID_Reports_vol_41_no_11-english.md,1,0,,0.6189,8,text_no_ocr,0.96
EPID_Reports_vol_41_no_12-english.pdf,PDF_EXTRACT_EPID_Reports_vol_41_no_12-english.md,1,0,,0.5379,8,text_no_ocr,1.19
EPID_Reports_vol_41_no_13-english.pdf,PDF_EXTRACT_EPID_Reports_vol_41_no_13-english.md,1,0,,0.6322,8,text_no_ocr,0.95
EPID_Reports_vol_41_no_14-english.pdf,PDF_EXTRACT_EPID_Reports_vol_41_no_14-english.md,1,0,,0.6101,7,text_no_ocr,0.96
EPID_Reports_vol_41_no_15-english.pdf,PDF_EXTRACT_EPID_Reports_vol_41_no_15-english.md,1,0,,0.6230,6,text_no_ocr,0.96
EPID_Reports_vol_41_no_16-english.pdf,PDF_EXTRACT_EPID_Reports_vol_41_no_16-english.md,1,0,,0.6043,7,text_no_ocr,0.89
EPID_Reports_vol_41_no_17-english.pdf,PDF_EXTRACT_EPID_Reports_vol_41_no_17-english.md,1,0,,0.5314,7,text_no_ocr,1.19
EPID_Reports_vol_41_no_18-english.pdf,PDF_EXTRACT_EPID_Reports_vol_41_no_18-english.md,1,0,,0.6084,7,text_no_ocr,0.97
EPID_Reports_vol_41_no_19-english.pdf,PDF_EXTRACT_EPID_Reports_vol_41_no_19-english.md,1,0,,0.6216,8,text_no_ocr,0.19
EPID_Reports_vol_41_no_20-english.pdf,PDF_EXTRACT_EPID_Reports_vol_41_no_20-english.md,1,0,,0.6134,8,text_no_ocr,0.19
EPID_Reports_vol_41_no_21-english.pdf,PDF_EXTRACT_EPID_Reports_vol_41_no_21-english.md,1,0,,0.4835,7,text_no_ocr,0.20
EPID_Reports_vol_41_no_22-english.pdf,PDF_EXTRACT_EPID_Reports_vol_41_no_22-english.md,1,0,,0.5807,8,text_no_ocr,0.19
EPID_Reports_vol_41_no_23-english.pdf,PDF_EXTRACT_EPID_Reports_vol_41_no_23-english.md,1,0,,0.6140,8,text_no_ocr,0.92
EPID_Reports_vol_41_no_24-english.pdf,PDF_EXTRACT_EPID_Reports_vol_41_no_24-english.md,1,0,,0.6024,8,text_no_ocr,0.90
EPID_Reports_vol_41_no_25-english.pdf,PDF_EXTRACT_EPID_Reports_vol_41_no_25-english.md,1,0,,0.5573,9,text_no_ocr,1.04
EPID_Reports_vol_41_no_26-english.pdf,PDF_EXTRACT_EPID_Reports_vol_41_no_26-english.md,1,0,,0.6024,6,text_no_ocr,0.92
EPID_Reports_vol_41_no_27-english.pdf,PDF_EXTRACT_EPID_Reports_vol_41_no_27-english.md,1,0,,0.6300,9,text_no_ocr,0.90
EPID_Reports_vol_41_no_28-english.pdf,PDF_EXTRACT_EPID_Reports_vol_41_no_28-english.md,1,0,,0.4920,6,text_no_ocr,1.37
EPID_Reports_vol_41_no_29-english.pdf,PDF_EXTRACT_EPID_Reports_vol_41_no_29-english.md,1,0,,0.4566,6,text_no_ocr,1.26
EPID_Reports_vol_41_no_30-english.pdf,PDF_EXTRACT_EPID_Reports_vol_41_no_30-english.md,1,0,,0.3970,7,text_no_ocr,1.27
EPID_Reports_vol_41_no_31-english.pdf,PDF_EXTRACT_EPID_Reports_vol_41_no_31-english.md,1,0,,0.4475,6,text_no_ocr,1.00
EPID_Reports_vol_41_no_32-english.pdf,PDF_EXTRACT_EPID_Reports_vol_41_no_32-english.md,1,0,,0.5685,7,text_no_ocr,0.94
EPID_Reports_vol_41_no_33-english.pdf,PDF_EXTRACT_EPID_Reports_vol_41_no_33-english.md,1,0,,0.5860,7,text_no_ocr,0.91
EPID_Reports_vol_41_no_34-english.pdf,PDF_EXTRACT_EPID_Reports_vol_41_no_34-english.md,1,0,,0.4256,8,text_no_ocr,1.20
EPID_Reports_vol_41_no_35-english.pdf,PDF_EXTRACT_EPID_Reports_vol_41_no_35-english.md,1,0,,0.6016,8,text_no_ocr,0.95
EPID_Reports_vol_41_no_36-english.pdf,PDF_EXTRACT_EPID_Reports_vol_41_no_36-english.md,1,0,,0.6129,6,text_no_ocr,0.91
EPID_Reports_vol_41_no_37-english.pdf,PDF_EXTRACT_EPID_Reports_vol_41_no_37-english.md,1,0,,0.5863,8,text_no_ocr,0.92
EPID_Reports_vol_41_no_38-english.pdf,PDF_EXTRACT_EPID_Reports_vol_41_no_38-english.md,1,0,,0.5853,6,text_no_ocr,0.92
EPID_Reports_vol_41_no_39-english.pdf,PDF_EXTRACT_EPID_Reports_vol_41_no_39-english.md,1,0,,0.5366,9,text_no_ocr,1.11
EPID_Reports_vol_41_no_40-english.pdf,PDF_EXTRACT_EPID_Reports_vol_41_no_40-english.md,1,0,,0.4001,6,text_no_ocr,1.23
EPID_Reports_vol_41_no_41-english.pdf,PDF_EXTRACT_EPID_Reports_vol_41_no_41-english.md,1,0,,0.4867,6,text_no_ocr,1.01
EPID_Reports_vol_41_no_42-english.pdf,PDF_EXTRACT_EPID_Reports_vol_41_no_42-english.md,1,0,,0.5300,6,text_no_ocr,0.32
EPID_Reports_vol_41_no_43-english.pdf,PDF_EXTRACT_EPID_Reports_vol_41_no_43-english.md,1,0,,0.4929,7,text_no_ocr,0.37
EPID_Reports_vol_41_no_44-english.pdf,PDF_EXTRACT_EPID_Reports_vol_41_no_44-english.md,1,0,,0.5285,6,text_no_ocr,0.26
EPID_Reports_vol_41_no_45-english.pdf,PDF_EXTRACT_EPID_Reports_vol_41_no_45-english.md,1,0,,0.5582,8,text_no_ocr,0.26
EPID_Reports_vol_41_no_46-english.pdf,PDF_EXTRACT_EPID_Reports_vol_41_no_46-english.md,1,0,,0.5542,6,text_no_ocr,0.27
EPID_Reports_vol_41_no_47-english.pdf,PDF_EXTRACT_EPID_Reports_vol_41_no_47-english.md,1,0,,0.4871,8,text_no_ocr,0.37
EPID_Reports_vol_41_no_48-english.pdf,PDF_EXTRACT_EPID_Reports_vol_41_no_48-english.md,1,0,,0.5599,7,text_no_ocr,0.26
EPID_Reports_vol_41_no_49-english.pdf,PDF_EXTRACT_EPID_Reports_vol_41_no_49-english.md,1,0,,0.5137,6,text_no_ocr,0.36
EPID_Reports_vol_41_no_50-english.pdf,PDF_EXTRACT_EPID_Reports_vol_41_no_50-english.md,1,0,,0.5482,6,text_no_ocr,0.26
EPID_Reports_vol_41_no_51-english.pdf,PDF_EXTRACT_EPID_Reports_vol_41_no_51-english.md,1,0,,0.5391,7,text_no_ocr,0.26
EPID_Reports_vol_41_no_52-english.pdf,PDF_EXTRACT_EPID_Reports_vol_41_no_52-english.md,1,0,,0.4542,8,text_no_ocr,0.41
EPID_Reports_vol_42_no_01-english.pdf,PDF_EXTRACT_EPID_Reports_vol_42_no_01-english.md,1,0,,0.5940,9,text_no_ocr,0.46
EPID_Reports_vol_42_no_02-english.pdf,PDF_EXTRACT_EPID_Reports_vol_42_no_02-english.md,1,0,,0.5654,8,text_no_ocr,1.62
EPID_Reports_vol_42_no_03-english.pdf,PDF_EXTRACT_EPID_Reports_vol_42_no_03-english.md,1,0,,0.5720,7,text_no_ocr,0.46
EPID_Reports_vol_42_no_04-english.pdf,PDF_EXTRACT_EPID_Reports_vol_42_no_04-english.md,1,0,,0.5201,7,text_no_ocr,0.57
EPID_Reports_vol_42_no_05-english.pdf,PDF_EXTRACT_EPID_Reports_vol_42_no_05-english.md,1,0,,0.5512,9,text_no_ocr,0.47
EPID_Reports_vol_42_no_06-english.pdf,PDF_EXTRACT_EPID_Reports_vol_42_no_06-english.md,1,0,,0.5568,7,text_no_ocr,0.46
EPID_Reports_vol_42_no_07-english.pdf,PDF_EXTRACT_EPID_Reports_vol_42_no_07-english.md,1,0,,0.5174,6,text_no_ocr,0.85
EPID_Reports_vol_42_no_08-english.pdf,PDF_EXTRACT_EPID_Reports_vol_42_no_08-english.md,1,0,,0.5037,7,text_no_ocr,0.51
EPID_Reports_vol_42_no_09-english.pdf,PDF_EXTRACT_EPID_Reports_vol_42_no_09-english.md,1,0,,0.5392,7,text_no_ocr,0.52
EPID_Reports_vol_42_no_10-english.pdf,PDF_EXTRACT_EPID_Reports_vol_42_no_10-english.md,1,0,,0.5305,7,text_no_ocr,0.51
EPID_Reports_vol_42_no_11-english.pdf,PDF_EXTRACT_EPID_Reports_vol_42_no_11-english.md,1,0,,0.5419,7,text_no_ocr,0.54
EPID_Reports_vol_42_no_12-english.pdf,PDF_EXTRACT_EPID_Reports_vol_42_no_12-english.md,1,0,,0.5289,7,text_no_ocr,0.50
EPID_Reports_vol_42_no_13-english.pdf,PDF_EXTRACT_EPID_Reports_vol_42_no_13-english.md,1,0,,0.5448,6,text_no_ocr,0.51
EPID_Reports_vol_42_no_14-english.pdf,PDF_EXTRACT_EPID_Reports_vol_42_no_14-english.md,1,0,,0.5625,7,text_no_ocr,0.46
EPID_Reports_vol_42_no_15-english.pdf,PDF_EXTRACT_EPID_Reports_vol_42_no_15-english.md,1,0,,0.5517,7,text_no_ocr,0.47
EPID_Reports_vol_42_no_16-english.pdf,PDF_EXTRACT_EPID_Reports_vol_42_no_16-english.md,1,0,,0.5801,8,text_no_ocr,0.46
EPID_Reports_vol_42_no_17-english.pdf,PDF_EXTRACT_EPID_Reports_vol_42_no_17-english.md,1,0,,0.4794,9,text_no_ocr,0.53
EPID_Reports_vol_42_no_18-english.pdf,PDF_EXTRACT_EPID_Reports_vol_42_no_18-english.md,1,0,,0.5698,7,text_no_ocr,0.47
EPID_Reports_vol_42_no_19-english.pdf,PDF_EXTRACT_EPID_Reports_vol_42_no_19-english.md,1,0,,0.5598,6,text_no_ocr,0.46
EPID_Reports_vol_42_no_20-english.pdf,PDF_EXTRACT_EPID_Reports_vol_42_no_20-english.md,1,0,,0.5626,8,text_no_ocr,0.46
EPID_Reports_vol_42_no_21-english.pdf,PDF_EXTRACT_EPID_Reports_vol_42_no_21-english.md,1,0,,0.4854,7,text_no_ocr,0.50
EPID_Reports_vol_42_no_22-english.pdf,PDF_EXTRACT_EPID_Reports_vol_42_no_22-english.md,1,0,,0.5768,7,text_no_ocr,0.46
EPID_Reports_vol_42_no_23-english.pdf,PDF_EXTRACT_EPID_Reports_vol_42_no_23-english.md,1,0,,0.5674,9,text_no_ocr,0.54
EPID_Reports_vol_42_no_24-english.pdf,PDF_EXTRACT_EPID_Reports_vol_42_no_24-english.md,1,0,,0.5748,7,text_no_ocr,0.51
EPID_Reports_vol_42_no_25-english.pdf,PDF_EXTRACT_EPID_Reports_vol_42_no_25-english.md,1,0,,0.5256,7,text_no_ocr,0.51
EPID_Reports_vol_42_no_26-english.pdf,PDF_EXTRACT_EPID_Reports_vol_42_no_26-english.md,1,0,,0.5164,7,text_no_ocr,0.51
EPID_Reports_vol_42_no_27-english.pdf,PDF_EXTRACT_EPID_Reports_vol_42_no_27-english.md,1,0,,0.5375,7,text_no_ocr,0.46
EPID_Reports_vol_42_no_28-english.pdf,PDF_EXTRACT_EPID_Reports_vol_42_no_28-english.md,1,0,,0.5559,7,text_no_ocr,0.47
EPID_Reports_vol_42_no_29-english.pdf,PDF_EXTRACT_EPID_Reports_vol_42_no_29-english.md,1,0,,0.5686,7,text_no_ocr,0.48
EPID_Reports_vol_42_no_30-english.pdf,PDF_EXTRACT_EPID_Reports_vol_42_no_30-english.md,1,0,,0.5481,8,text_no_ocr,0.50
EPID_Reports_vol_42_no_32-english.pdf,PDF_EXTRACT_EPID_Reports_vol_42_no_32-english.md,1,0,,0.5604,8,text_no_ocr,0.46
EPID_Reports_vol_42_no_33-english.pdf,PDF_EXTRACT_EPID_Reports_vol_42_no_33-english.md,1,0,,0.5593,8,text_no_ocr,1.31
EPID_Reports_vol_42_no_34-english.pdf,PDF_EXTRACT_EPID_Reports_vol_42_no_34-english.md,1,0,,0.5170,8,text_no_ocr,0.50
EPID_Reports_vol_42_no_35-english.pdf,PDF_EXTRACT_EPID_Reports_vol_42_no_35-english.md,1,0,,0.6018,5,text_no_ocr,0.46
EPID_Reports_vol_42_no_36-english.pdf,PDF_EXTRACT_EPID_Reports_vol_42_no_36-english.md,1,0,,0.6100,6,text_no_ocr,0.49
EPID_Reports_vol_42_no_37-english.pdf,PDF_EXTRACT_EPID_Reports_vol_42_no_37-english.md,1,0,,0.5521,6,text_no_ocr,0.51
EPID_Reports_vol_42_no_38-english.pdf,PDF_EXTRACT_EPID_Reports_vol_42_no_38-english.md,1,0,,0.5883,6,text_no_ocr,0.47
EPID_Reports_vol_42_no_39-english.pdf,PDF_EXTRACT_EPID_Reports_vol_42_no_39-english.md,1,0,,0.5286,8,text_no_ocr,0.50
EPID_Reports_vol_42_no_40-english.pdf,PDF_EXTRACT_EPID_Reports_vol_42_no_40-english.md,1,0,,0.5698,6,text_no_ocr,0.46
EPID_Reports_vol_42_no_41-english.pdf,PDF_EXTRACT_EPID_Reports_vol_42_no_41-english.md,1,0,,0.5298,8,text_no_ocr,0.46
EPID_Reports_vol_42_no_42-english.pdf,PDF_EXTRACT_EPID_Reports_vol_42_no_42-english.md,1,0,,0.5440,7,text_no_ocr,0.46
EPID_Reports_vol_42_no_43-english.pdf,PDF_EXTRACT_EPID_Reports_vol_42_no_43-english.md,1,0,,0.4543,8,text_no_ocr,0.50
EPID_Reports_vol_42_no_44-english.pdf,PDF_EXTRACT_EPID_Reports_vol_42_no_44-english.md,1,0,,0.5344,6,text_no_ocr,0.46
EPID_Reports_vol_42_no_45-english.pdf,PDF_EXTRACT_EPID_Reports_vol_42_no_45-english.md,1,0,,0.5592,8,text_no_ocr,0.46
EPID_Reports_vol_42_no_46-english.pdf,PDF_EXTRACT_EPID_Reports_vol_42_no_46-english.md,1,0,,0.4902,6,text_no_ocr,0.67
EPID_Reports_vol_42_no_47-english.pdf,PDF_EXTRACT_EPID_Reports_vol_42_no_47-english.md,1,0,,0.4288,7,text_no_ocr,0.76
EPID_Reports_vol_42_no_48-english.pdf,PDF_EXTRACT_EPID_Reports_vol_42_no_48-english.md,1,0,,0.4848,6,text_no_ocr,0.57
EPID_Reports_vol_42_no_49-english.pdf,PDF_EXTRACT_EPID_Reports_vol_42_no_49-english.md,1,0,,0.5784,9,text_no_ocr,0.47
EPID_Reports_vol_42_no_50-english.pdf,PDF_EXTRACT_EPID_Reports_vol_42_no_50-english.md,1,0,,0.5763,9,text_no_ocr,0.46
EPID_Reports_vol_42_no_51-english.pdf,PDF_EXTRACT_EPID_Reports_vol_42_no_51-english.md,1,0,,0.5607,8,text_no_ocr,0.46
EPID_Reports_vol_42_no_52-english.pdf,PDF_EXTRACT_EPID_Reports_vol_42_no_52-english.md,1,0,,0.4708,8,text_no_ocr,0.49
EPID_Reports_vol_43_no_01-english.pdf,PDF_EXTRACT_EPID_Reports_vol_43_no_01-english.md,1,0,,0.5621,9,text_no_ocr,0.50
EPID_Reports_vol_43_no_02-english.pdf,PDF_EXTRACT_EPID_Reports_vol_43_no_02-english.md,1,0,,0.5881,9,text_no_ocr,0.50
EPID_Reports_vol_43_no_03-english.pdf,PDF_EXTRACT_EPID_Reports_vol_43_no_03-english.md,1,0,,0.6005,7,text_no_ocr,0.50
EPID_Reports_vol_43_no_04-english.pdf,PDF_EXTRACT_EPID_Reports_vol_43_no_04-english.md,1,0,,0.4953,8,text_no_ocr,0.54
EPID_Reports_vol_43_no_05-english.pdf,PDF_EXTRACT_EPID_Reports_vol_43_no_05-english.md,1,0,,0.5213,7,text_no_ocr,0.63
EPID_Reports_vol_43_no_06-english.pdf,PDF_EXTRACT_EPID_Reports_vol_43_no_06-english.md,1,0,,0.4896,7,text_no_ocr,0.52
EPID_Reports_vol_43_no_07-english.pdf,PDF_EXTRACT_EPID_Reports_vol_43_no_07-english.md,1,0,,0.5796,7,text_no_ocr,0.51
EPID_Reports_vol_43_no_08-english.pdf,PDF_EXTRACT_EPID_Reports_vol_43_no_08-english.md,1,0,,0.5660,7,text_no_ocr,0.50
EPID_Reports_vol_43_no_09-english.pdf,PDF_EXTRACT_EPID_Reports_vol_43_no_09-english.md,1,0,,0.4755,8,text_no_ocr,0.60
EPID_Reports_vol_43_no_10-english.pdf,PDF_EXTRACT_EPID_Reports_vol_43_no_10-english.md,1,0,,0.5362,8,text_no_ocr,0.50
EPID_Reports_vol_43_no_11-english.pdf,PDF_EXTRACT_EPID_Reports_vol_43_no_11-english.md,1,0,,0.5710,9,text_no_ocr,0.50
EPID_Reports_vol_43_no_12-english.pdf,PDF_EXTRACT_EPID_Reports_vol_43_no_12-english.md,1,0,,0.5310,7,text_no_ocr,0.50
EPID_Reports_vol_43_no_13-english.pdf,PDF_EXTRACT_EPID_Reports_vol_43_no_13-english.md,1,0,,0.5067,9,text_no_ocr,0.54
EPID_Reports_vol_43_no_14-english.pdf,PDF_EXTRACT_EPID_Reports_vol_43_no_14-english.md,1,0,,0.5735,9,text_no_ocr,0.52
EPID_Reports_vol_43_no_15-english.pdf,PDF_EXTRACT_EPID_Reports_vol_43_no_15-english.md,1,0,,0.5418,9,text_no_ocr,0.61
EPID_Reports_vol_43_no_16-english.pdf,PDF_EXTRACT_EPID_Reports_vol_43_no_16-english.md,1,0,,0.6004,8,text_no_ocr,0.50
EPID_Reports_vol_43_no_17-english.pdf,PDF_EXTRACT_EPID_Reports_vol_43_no_17-english.md,1,0,,0.5489,8,text_no_ocr,0.54
EPID_Reports_vol_43_no_18-english.pdf,PDF_EXTRACT_EPID_Reports_vol_43_no_18-english.md,1,0,,0.5693,7,text_no_ocr,0.82
EPID_Reports_vol_43_no_19-english.pdf,PDF_EXTRACT_EPID_Reports_vol_43_no_19-english.md,1,0,,0.5757,9,text_no_ocr,0.50
EPID_Reports_vol_43_no_20-english.pdf,PDF_EXTRACT_EPID_Reports_vol_43_no_20-english.md,1,0,,0.5778,11,text_no_ocr,0.50
EPID_Reports_vol_43_no_21-english.pdf,PDF_EXTRACT_EPID_Reports_vol_43_no_21-english.md,1,0,,0.5129,9,text_no_ocr,0.54
EPID_Reports_vol_43_no_22-english.pdf,PDF_EXTRACT_EPID_Reports_vol_43_no_22-english.md,1,0,,0.5859,9,text_no_ocr,0.50
EPID_Reports_vol_43_no_23-english.pdf,PDF_EXTRACT_EPID_Reports_vol_43_no_23-english.md,1,0,,0.5935,10,text_no_ocr,0.50
EPID_Reports_vol_43_no_24-english.pdf,PDF_EXTRACT_EPID_Reports_vol_43_no_24-english.md,1,0,,0.5074,10,text_no_ocr,0.17
EPID_Reports_vol_43_no_25-english.pdf,PDF_EXTRACT_EPID_Reports_vol_43_no_25-english.md,1,0,,0.5316,7,text_no_ocr,0.19
EPID_Reports_vol_43_no_26-english.pdf,PDF_EXTRACT_EPID_Reports_vol_43_no_26-english.md,1,0,,0.5128,8,text_no_ocr,0.19
EPID_Reports_vol_43_no_27-english.pdf,PDF_EXTRACT_EPID_Reports_vol_43_no_27-english.md,1,0,,0.5808,7,text_no_ocr,0.15
EPID_Reports_vol_43_no_28-english.pdf,PDF_EXTRACT_EPID_Reports_vol_43_no_28-english.md,1,0,,0.5341,9,text_no_ocr,0.16
EPID_Reports_vol_43_no_29-english.pdf,PDF_EXTRACT_EPID_Reports_vol_43_no_29-english.md,1,0,,0.5766,8,text_no_ocr,0.15
EPID_Reports_vol_43_no_30-english.pdf,PDF_EXTRACT_EPID_Reports_vol_43_no_30-english.md,1,0,,0.5201,8,text_no_ocr,0.19
EPID_Reports_vol_43_no_31-english.pdf,PDF_EXTRACT_EPID_Reports_vol_43_no_31-english.md,1,0,,0.5863,8,text_no_ocr,0.15
EPID_Reports_vol_43_no_32-english.pdf,PDF_EXTRACT_EPID_Reports_vol_43_no_32-english.md,1,0,,0.5812,7,text_no_ocr,0.15
EPID_Reports_vol_43_no_33-english.pdf,PDF_EXTRACT_EPID_Reports_vol_43_no_33-english.md,1,0,,0.5606,8,text_no_ocr,0.16
EPID_Reports_vol_43_no_34-english.pdf,PDF_EXTRACT_EPID_Reports_vol_43_no_34-english.md,1,0,,0.5706,7,text_no_ocr,0.15
EPID_Reports_vol_43_no_35-english.pdf,PDF_EXTRACT_EPID_Reports_vol_43_no_35-english.md,1,0,,0.5053,8,text_no_ocr,0.19
EPID_Reports_vol_43_no_36-english.pdf,PDF_EXTRACT_EPID_Reports_vol_43_no_36-english.md,1,0,,0.5641,8,text_no_ocr,0.15
EPID_Reports_vol_43_no_37-english.pdf,PDF_EXTRACT_EPID_Reports_vol_43_no_37-english.md,1,0,,0.5543,9,text_no_ocr,0.17
EPID_Reports_vol_43_no_38-english.pdf,PDF_EXTRACT_EPID_Reports_vol_43_no_38-english.md,1,0,,0.5880,7,text_no_ocr,0.16
EPID_Reports_vol_43_no_39-english.pdf,PDF_EXTRACT_EPID_Reports_vol_43_no_39-english.md,1,0,,0.5236,8,text_no_ocr,0.19
EPID_Reports_vol_43_no_40-english.pdf,PDF_EXTRACT_EPID_Reports_vol_43_no_40-english.md,1,0,,0.5816,7,text_no_ocr,0.15
EPID_Reports_vol_43_no_41-english.pdf,PDF_EXTRACT_EPID_Reports_vol_43_no_41-english.md,1,0,,0.5847,9,text_no_ocr,0.15
EPID_Reports_vol_43_no_42-english.pdf,PDF_EXTRACT_EPID_Reports_vol_43_no_42-english.md,1,0,,0.6048,8,text_no_ocr,0.15
EPID_Reports_vol_43_no_43-english.pdf,PDF_EXTRACT_EPID_Reports_vol_43_no_43-english.md,1,0,,0.5469,8,text_no_ocr,0.19
EPID_Reports_vol_43_no_44-english.pdf,PDF_EXTRACT_EPID_Reports_vol_43_no_44-english.md,1,0,,0.6221,8,text_no_ocr,0.15
EPID_Reports_vol_43_no_45-english.pdf,PDF_EXTRACT_EPID_Reports_vol_43_no_45-english.md,1,0,,0.6087,8,text_no_ocr,0.15
EPID_Reports_vol_43_no_46-english.pdf,PDF_EXTRACT_EPID_Reports_vol_43_no_46-english.md,1,0,,0.6311,9,text_no_ocr,0.15
EPID_Reports_vol_43_no_47-english.pdf,PDF_EXTRACT_EPID_Reports_vol_43_no_47-english.md,1,0,,0.5729,10,text_no_ocr,0.15
EPID_Reports_vol_43_no_48-english.pdf,PDF_EXTRACT_EPID_Reports_vol_43_no_48-english.md,1,0,,0.5121,9,text_no_ocr,0.19
EPID_Reports_vol_43_no_49-english.pdf,PDF_EXTRACT_EPID_Reports_vol_43_no_49-english.md,1,0,,0.5838,9,text_no_ocr,0.15
EPID_Reports_vol_43_no_50-english.pdf,PDF_EXTRACT_EPID_Reports_vol_43_no_50-english.md,1,0,,0.6357,11,text_no_ocr,0.16
EPID_Reports_vol_43_no_51-english.pdf,PDF_EXTRACT_EPID_Reports_vol_43_no_51-english.md,1,0,,0.5903,8,text_no_ocr,0.15
EPID_Reports_vol_43_no_52-english.pdf,PDF_EXTRACT_EPID_Reports_vol_43_no_52-english.md,1,0,,0.5416,9,text_no_ocr,0.19
EPID_Reports_vol_43_no_53-english.pdf,PDF_EXTRACT_EPID_Reports_vol_43_no_53-english.md,1,0,,0.5797,8,text_no_ocr,0.15
EPID_Reports_vol_44_no_01-english.pdf,PDF_EXTRACT_EPID_Reports_vol_44_no_01-english.md,1,0,,0.5767,8,text_no_ocr,1.54
EPID_Reports_vol_44_no_02-english.pdf,PDF_EXTRACT_EPID_Reports_vol_44_no_02-english.md,1,0,,0.6334,11,text_no_ocr,1.61
EPID_Reports_vol_44_no_03-english.pdf,PDF_EXTRACT_EPID_Reports_vol_44_no_03-english.md,1,0,,0.5604,8,text_no_ocr,1.78
EPID_Reports_vol_44_no_04-english.pdf,PDF_EXTRACT_EPID_Reports_vol_44_no_04-english.md,1,0,,0.5422,7,text_no_ocr,1.65
EPID_Reports_vol_44_no_05-english.pdf,PDF_EXTRACT_EPID_Reports_vol_44_no_05-english.md,1,0,,0.6099,9,text_no_ocr,1.53
EPID_Reports_vol_44_no_06-english.pdf,PDF_EXTRACT_EPID_Reports_vol_44_no_06-english.md,1,0,,0.5892,8,text_no_ocr,1.56
EPID_Reports_vol_44_no_07-english.pdf,PDF_EXTRACT_EPID_Reports_vol_44_no_07-english.md,1,0,,0.5257,8,text_no_ocr,1.60
EPID_Reports_vol_44_no_08-english.pdf,PDF_EXTRACT_EPID_Reports_vol_44_no_08-english.md,1,0,,0.5262,9,text_no_ocr,1.85
EPID_Reports_vol_44_no_09-english.pdf,PDF_EXTRACT_EPID_Reports_vol_44_no_09-english.md,1,0,,0.5182,7,text_no_ocr,1.73
EPID_Reports_vol_44_no_10-english.pdf,PDF_EXTRACT_EPID_Reports_vol_44_no_10-english.md,1,0,,0.5554,8,text_no_ocr,1.52
EPID_Reports_vol_44_no_11-english.pdf,PDF_EXTRACT_EPID_Reports_vol_44_no_11-english.md,1,0,,0.5685,9,text_no_ocr,1.50
EPID_Reports_vol_44_no_12-english.pdf,PDF_EXTRACT_EPID_Reports_vol_44_no_12-english.md,1,0,,0.6300,9,text_no_ocr,1.72
EPID_Reports_vol_44_no_13-english.pdf,PDF_EXTRACT_EPID_Reports_vol_44_no_13-english.md,1,0,,0.5418,8,text_no_ocr,1.91
EPID_Reports_vol_44_no_14-english.pdf,PDF_EXTRACT_EPID_Reports_vol_44_no_14-english.md,1,0,,0.5630,7,text_no_ocr,1.66
EPID_Reports_vol_44_no_15-english.pdf,PDF_EXTRACT_EPID_Reports_vol_44_no_15-english.md,1,0,,0.5660,7,text_no_ocr,1.77
EPID_Reports_vol_44_no_16-english.pdf,PDF_EXTRACT_EPID_Reports_vol_44_no_16-english.md,1,0,,0.5677,9,text_no_ocr,1.84
EPID_Reports_vol_44_no_17-english.pdf,PDF_EXTRACT_EPID_Reports_vol_44_no_17-english.md,1,0,,0.4970,9,text_no_ocr,2.63
EPID_Reports_vol_44_no_18-english.pdf,PDF_EXTRACT_EPID_Reports_vol_44_no_18-english.md,1,0,,0.4808,7,text_no_ocr,1.68
EPID_Reports_vol_44_no_19-english.pdf,PDF_EXTRACT_EPID_Reports_vol_44_no_19-english.md,1,0,,0.5595,7,text_no_ocr,1.67
EPID_Reports_vol_44_no_20-english.pdf,PDF_EXTRACT_EPID_Reports_vol_44_no_20-english.md,1,0,,0.5777,7,text_no_ocr,1.65
EPID_Reports_vol_44_no_21-english.pdf,PDF_EXTRACT_EPID_Reports_vol_44_no_21-english.md,1,0,,0.4950,8,text_no_ocr,2.41
EPID_Reports_vol_44_no_22-english.pdf,PDF_EXTRACT_EPID_Reports_vol_44_no_22-english.md,1,0,,0.5837,10,text_no_ocr,1.80
EPID_Reports_vol_44_no_23-english.pdf,PDF_EXTRACT_EPID_Reports_vol_44_no_23-english.md,1,0,,0.4268,8,text_no_ocr,1.90
EPID_Reports_vol_44_no_24-english.pdf,PDF_EXTRACT_EPID_Reports_vol_44_no_24-english.md,1,0,,0.4996,8,text_no_ocr,1.97
EPID_Reports_vol_44_no_25-english.pdf,PDF_EXTRACT_EPID_Reports_vol_44_no_25-english.md,1,0,,0.4836,9,text_no_ocr,2.18
EPID_Reports_vol_44_no_26-english.pdf,PDF_EXTRACT_EPID_Reports_vol_44_no_26-english.md,1,0,,0.5511,9,text_no_ocr,1.51
EPID_Reports_vol_44_no_27-english.pdf,PDF_EXTRACT_EPID_Reports_vol_44_no_27-english.md,1,0,,0.5905,7,text_no_ocr,1.61
EPID_Reports_vol_44_no_28-english.pdf,PDF_EXTRACT_EPID_Reports_vol_44_no_28-english.md,1,0,,0.5297,7,text_no_ocr,1.56
EPID_Reports_vol_44_no_29-english.pdf,PDF_EXTRACT_EPID_Reports_vol_44_no_29-english.md,1,0,,0.5470,8,text_no_ocr,2.04
EPID_Reports_vol_44_no_30-english.pdf,PDF_EXTRACT_EPID_Reports_vol_44_no_30-english.md,1,0,,0.5388,7,text_no_ocr,1.71
EPID_Reports_vol_44_no_31-english.pdf,PDF_EXTRACT_EPID_Reports_vol_44_no_31-english.md,1,0,,0.5179,10,text_no_ocr,1.62
EPID_Reports_vol_44_no_32-english.pdf,PDF_EXTRACT_EPID_Reports_vol_44_no_32-english.md,1,0,,0.5864,10,text_no_ocr,1.72
EPID_Reports_vol_44_no_33-english.pdf,PDF_EXTRACT_EPID_Reports_vol_44_no_33-english.md,1,0,,0.5272,8,text_no_ocr,1.87
EPID_Reports_vol_44_no_34-english.pdf,PDF_EXTRACT_EPID_Reports_vol_44_no_34-english.md,1,0,,0.5107,8,text_no_ocr,2.03
EPID_Reports_vol_44_no_35-english.pdf,PDF_EXTRACT_EPID_Reports_vol_44_no_35-english.md,1,0,,0.5116,7,text_no_ocr,1.58
EPID_Reports_vol_44_no_36-english.pdf,PDF_EXTRACT_EPID_Reports_vol_44_no_36-english.md,1,0,,0.5490,6,text_no_ocr,1.70
EPID_Reports_vol_44_no_37-english.pdf,PDF_EXTRACT_EPID_Reports_vol_44_no_37-english.md,1,0,,0.5276,6,text_no_ocr,1.73
EPID_Reports_vol_44_no_38-english.pdf,PDF_EXTRACT_EPID_Reports_vol_44_no_38-english.md,1,0,,0.5236,7,text_no_ocr,2.07
EPID_Reports_vol_44_no_39-english.pdf,PDF_EXTRACT_EPID_Reports_vol_44_no_39-english.md,1,0,,0.6190,8,text_no_ocr,1.99
EPID_Reports_vol_44_no_40-english.pdf,PDF_EXTRACT_EPID_Reports_vol_44_no_40-english.md,1,0,,0.5738,7,text_no_ocr,1.79
EPID_Reports_vol_44_no_41-english.pdf,PDF_EXTRACT_EPID_Reports_vol_44_no_41-english.md,1,0,,0.5198,9,text_no_ocr,1.31
EPID_Reports_vol_44_no_42-english.pdf,PDF_EXTRACT_EPID_Reports_vol_44_no_42-english.md,1,0,,0.5770,9,text_no_ocr,1.72
EPID_Reports_vol_44_no_43-english.pdf,PDF_EXTRACT_EPID_Reports_vol_44_no_43-english.md,1,0,,0.5518,8,text_no_ocr,1.45
EPID_Reports_vol_44_no_44-english.pdf,PDF_EXTRACT_EPID_Reports_vol_44_no_44-english.md,1,0,,0.5402,8,text_no_ocr,1.38
EPID_Reports_vol_44_no_45-english.pdf,PDF_EXTRACT_EPID_Reports_vol_44_no_45-english.md,1,0,,0.5420,6,text_no_ocr,1.39
EPID_Reports_vol_44_no_46-english.pdf,PDF_EXTRACT_EPID_Reports_vol_44_no_46-english.md,1,0,,0.5485,7,text_no_ocr,1.28
EPID_Reports_vol_44_no_47-english.pdf,PDF_EXTRACT_EPID_Reports_vol_44_no_47-english.md,1,0,,0.4217,8,text_no_ocr,1.75
EPID_Reports_vol_44_no_48-english.pdf,PDF_EXTRACT_EPID_Reports_vol_44_no_48-english.md,1,0,,0.5573,7,text_no_ocr,1.67
EPID_Reports_vol_44_no_49-english.pdf,PDF_EXTRACT_EPID_Reports_vol_44_no_49-english.md,1,0,,0.5563,7,text_no_ocr,1.40
EPID_Reports_vol_44_no_50-english.pdf,PDF_EXTRACT_EPID_Reports_vol_44_no_50-english.md,1,0,,0.4663,8,text_no_ocr,1.45
EPID_Reports_vol_44_no_51-english.pdf,PDF_EXTRACT_EPID_Reports_vol_44_no_51-english.md,1,0,,0.4218,8,text_no_ocr,1.64
EPID_Reports_vol_44_no_52-english.pdf,PDF_EXTRACT_EPID_Reports_vol_44_no_52-english.md,1,0,,0.4912,8,text_no_ocr,1.52
EPID_Reports_vol_45_no_01-english.pdf,PDF_EXTRACT_EPID_Reports_vol_45_no_01-english.md,1,0,,0.5628,9,text_no_ocr,1.07
EPID_Reports_vol_45_no_02-english.pdf,PDF_EXTRACT_EPID_Reports_vol_45_no_02-english.md,1,0,,0.6468,10,text_no_ocr,1.07
EPID_Reports_vol_45_no_03-english.pdf,PDF_EXTRACT_EPID_Reports_vol_45_no_03-english.md,1,0,,0.4943,7,text_no_ocr,1.24
EPID_Reports_vol_45_no_04-english.pdf,PDF_EXTRACT_EPID_Reports_vol_45_no_04-english.md,1,0,,0.4957,8,text_no_ocr,1.57
EPID_Reports_vol_45_no_05-english.pdf,PDF_EXTRACT_EPID_Reports_vol_45_no_05-english.md,1,0,,0.5807,8,text_no_ocr,1.23
EPID_Reports_vol_45_no_06-english.pdf,PDF_EXTRACT_EPID_Reports_vol_45_no_06-english.md,1,0,,0.5863,7,text_no_ocr,1.27
EPID_Reports_vol_45_no_07-english.pdf,PDF_EXTRACT_EPID_Reports_vol_45_no_07-english.md,1,0,,0.5403,7,text_no_ocr,1.26
EPID_Reports_vol_45_no_08-english.pdf,PDF_EXTRACT_EPID_Reports_vol_45_no_08-english.md,1,0,,0.5281,8,text_no_ocr,1.39
EPID_Reports_vol_45_no_09-english.pdf,PDF_EXTRACT_EPID_Reports_vol_45_no_09-english.md,1,0,,0.6380,9,text_no_ocr,1.13
EPID_Reports_vol_45_no_10-english.pdf,PDF_EXTRACT_EPID_Reports_vol_45_no_10-english.md,1,0,,0.5808,7,text_no_ocr,1.19
EPID_Reports_vol_45_no_11-english.pdf,PDF_EXTRACT_EPID_Reports_vol_45_no_11-english.md,1,0,,0.5563,8,text_no_ocr,1.07
EPID_Reports_vol_45_no_12-english.pdf,PDF_EXTRACT_EPID_Reports_vol_45_no_12-english.md,1,0,,0.5001,9,text_no_ocr,1.40
EPID_Reports_vol_45_no_13-english.pdf,PDF_EXTRACT_EPID_Reports_vol_45_no_13-english.md,1,0,,0.5546,9,text_no_ocr,1.22
EPID_Reports_vol_45_no_14-english.pdf,PDF_EXTRACT_EPID_Reports_vol_45_no_14-english.md,1,0,,0.5456,8,text_no_ocr,1.06
EPID_Reports_vol_45_no_15-english.pdf,PDF_EXTRACT_EPID_Reports_vol_45_no_15-english.md,1,0,,0.5407,7,text_no_ocr,1.15
EPID_Reports_vol_45_no_16-english.pdf,PDF_EXTRACT_EPID_Reports_vol_45_no_16-english.md,1,0,,0.5252,8,text_no_ocr,1.45
EPID_Reports_vol_45_no_17-english.pdf,PDF_EXTRACT_EPID_Reports_vol_45_no_17-english.md,1,0,,0.5437,9,text_no_ocr,1.15
EPID_Reports_vol_45_no_18-english.pdf,PDF_EXTRACT_EPID_Reports_vol_45_no_18-english.md,1,0,,0.5593,11,text_no_ocr,1.08
EPID_Reports_vol_45_no_19-english.pdf,PDF_EXTRACT_EPID_Reports_vol_45_no_19-english.md,1,0,,0.4961,8,text_no_ocr,1.14
EPID_Reports_vol_45_no_20-english.pdf,PDF_EXTRACT_EPID_Reports_vol_45_no_20-english.md,1,0,,0.4947,7,text_no_ocr,1.41
EPID_Reports_vol_45_no_21-english.pdf,PDF_EXTRACT_EPID_Reports_vol_45_no_21-english.md,1,0,,0.4769,8,text_no_ocr,1.45
EPID_Reports_vol_45_no_22-english.pdf,PDF_EXTRACT_EPID_Reports_vol_45_no_22-english.md,1,0,,0.5540,9,text_no_ocr,1.39
EPID_Reports_vol_45_no_23-english.pdf,PDF_EXTRACT_EPID_Reports_vol_45_no_23-english.md,1,0,,0.5639,7,text_no_ocr,1.44
EPID_Reports_vol_45_no_24-english.pdf,PDF_EXTRACT_EPID_Reports_vol_45_no_24-english.md,1,0,,0.5567,7,text_no_ocr,1.32
EPID_Reports_vol_45_no_25-english.pdf,PDF_EXTRACT_EPID_Reports_vol_45_no_25-english.md,1,0,,0.5388,8,text_no_ocr,1.59
EPID_Reports_vol_45_no_26-english.pdf,PDF_EXTRACT_EPID_Reports_vol_45_no_26-english.md,1,0,,0.5704,9,text_no_ocr,1.34
EPID_Reports_vol_45_no_27-english.pdf,PDF_EXTRACT_EPID_Reports_vol_45_no_27-english.md,1,0,,0.5487,7,text_no_ocr,1.74
EPID_Reports_vol_45_no_28-english.pdf,PDF_EXTRACT_EPID_Reports_vol_45_no_28-english.md,1,0,,0.5343,7,text_no_ocr,1.39
EPID_Reports_vol_45_no_29-english.pdf,PDF_EXTRACT_EPID_Reports_vol_45_no_29-english.md,1,0,,0.5347,9,text_no_ocr,1.47
EPID_Reports_vol_45_no_30-english.pdf,PDF_EXTRACT_EPID_Reports_vol_45_no_30-english.md,1,0,,0.5514,9,text_no_ocr,1.40
EPID_Reports_vol_45_no_31-english.pdf,PDF_EXTRACT_EPID_Reports_vol_45_no_31-english.md,1,0,,0.5518,8,text_no_ocr,1.39
EPID_Reports_vol_45_no_32-english.pdf,PDF_EXTRACT_EPID_Reports_vol_45_no_32-english.md,1,0,,0.5184,7,text_no_ocr,1.39
EPID_Reports_vol_45_no_33-english.pdf,PDF_EXTRACT_EPID_Reports_vol_45_no_33-english.md,1,0,,0.5342,8,text_no_ocr,1.31
EPID_Reports_vol_45_no_34-english.pdf,PDF_EXTRACT_EPID_Reports_vol_45_no_34-english.md,1,0,,0.4854,9,text_no_ocr,1.40
EPID_Reports_vol_45_no_35-english.pdf,PDF_EXTRACT_EPID_Reports_vol_45_no_35-english.md,1,0,,0.5825,9,text_no_ocr,1.32
EPID_Reports_vol_45_no_36-english.pdf,PDF_EXTRACT_EPID_Reports_vol_45_no_36-english.md,1,0,,0.4922,8,text_no_ocr,1.34
EPID_Reports_vol_45_no_37-english.pdf,PDF_EXTRACT_EPID_Reports_vol_45_no_37-english.md,1,0,,0.5023,8,text_no_ocr,1.38
EPID_Reports_vol_45_no_38-english.pdf,PDF_EXTRACT_EPID_Reports_vol_45_no_38-english.md,1,0,,0.5357,8,text_no_ocr,1.38
EPID_Reports_vol_45_no_39-english.pdf,PDF_EXTRACT_EPID_Reports_vol_45_no_39-english.md,1,0,,0.5255,8,text_no_ocr,1.33
EPID_Reports_vol_45_no_40-english.pdf,PDF_EXTRACT_EPID_Reports_vol_45_no_40-english.md,1,0,,0.5505,8,text_no_ocr,1.38
EPID_Reports_vol_45_no_41-english.pdf,PDF_EXTRACT_EPID_Reports_vol_45_no_41-english.md,1,0,,0.5229,7,text_no_ocr,1.33
EPID_Reports_vol_45_no_42-english.pdf,PDF_EXTRACT_EPID_Reports_vol_45_no_42-english.md,1,0,,0.5418,7,text_no_ocr,1.38
EPID_Reports_vol_45_no_43-english.pdf,PDF_EXTRACT_EPID_Reports_vol_45_no_43-english.md,1,0,,0.5149,9,text_no_ocr,1.70
EPID_Reports_vol_45_no_44-english.pdf,PDF_EXTRACT_EPID_Reports_vol_45_no_44-english.md,1,0,,0.4874,8,text_no_ocr,1.59
EPID_Reports_vol_45_no_45-english.pdf,PDF_EXTRACT_EPID_Reports_vol_45_no_45-english.md,1,0,,0.4622,8,text_no_ocr,1.43
EPID_Reports_vol_45_no_46-english.pdf,PDF_EXTRACT_EPID_Reports_vol_45_no_46-english.md,1,0,,0.3956,8,text_no_ocr,1.76
EPID_Reports_vol_45_no_47-english.pdf,PDF_EXTRACT_EPID_Reports_vol_45_no_47-english.md,1,0,,0.3748,8,text_no_ocr,1.80
EPID_Reports_vol_45_no_48-english.pdf,PDF_EXTRACT_EPID_Reports_vol_45_no_48-english.md,1,0,,0.4356,10,text_no_ocr,1.59
EPID_Reports_vol_45_no_49-english.pdf,PDF_EXTRACT_EPID_Reports_vol_45_no_49-english.md,1,0,,0.5529,10,text_no_ocr,1.54
EPID_Reports_vol_45_no_50-english.pdf,PDF_EXTRACT_EPID_Reports_vol_45_no_50-english.md,1,0,,0.5640,7,text_no_ocr,1.33
EPID_Reports_vol_45_no_51-english.pdf,PDF_EXTRACT_EPID_Reports_vol_45_no_51-english.md,1,0,,0.5293,8,text_no_ocr,1.47
EPID_Reports_vol_45_no_52-english.pdf,PDF_EXTRACT_EPID_Reports_vol_45_no_52-english.md,1,0,,0.4864,9,text_no_ocr,1.54
EPID_Reports_vol_46_no_01-english.pdf,PDF_EXTRACT_EPID_Reports_vol_46_no_01-english.md,1,0,,0.5417,9,text_no_ocr,1.31
EPID_Reports_vol_46_no_02-english.pdf,PDF_EXTRACT_EPID_Reports_vol_46_no_02-english.md,1,0,,0.5438,10,text_no_ocr,1.31
EPID_Reports_vol_46_no_03-english.pdf,PDF_EXTRACT_EPID_Reports_vol_46_no_03-english.md,1,0,,0.5521,7,text_no_ocr,1.46
EPID_Reports_vol_46_no_04-english.pdf,PDF_EXTRACT_EPID_Reports_vol_46_no_04-english.md,1,0,,0.5426,7,text_no_ocr,1.40
EPID_Reports_vol_46_no_05-english.pdf,PDF_EXTRACT_EPID_Reports_vol_46_no_05-english.md,1,0,,0.5534,8,text_no_ocr,1.39
EPID_Reports_vol_46_no_06-english.pdf,PDF_EXTRACT_EPID_Reports_vol_46_no_06-english.md,1,0,,0.5668,8,text_no_ocr,1.30
EPID_Reports_vol_46_no_07-english.pdf,PDF_EXTRACT_EPID_Reports_vol_46_no_07-english.md,1,0,,0.5809,8,text_no_ocr,1.34
EPID_Reports_vol_46_no_08-english.pdf,PDF_EXTRACT_EPID_Reports_vol_46_no_08-english.md,1,0,,0.4474,7,text_no_ocr,1.40
EPID_Reports_vol_46_no_09-english.pdf,PDF_EXTRACT_EPID_Reports_vol_46_no_09-english.md,1,0,,0.4983,8,text_no_ocr,1.70
EPID_Reports_vol_46_no_10-english.pdf,PDF_EXTRACT_EPID_Reports_vol_46_no_10-english.md,1,0,,0.5927,9,text_no_ocr,1.47
EPID_Reports_vol_46_no_11-english.pdf,PDF_EXTRACT_EPID_Reports_vol_46_no_11-english.md,1,0,,0.5555,8,text_no_ocr,1.34
EPID_Reports_vol_46_no_12-english.pdf,PDF_EXTRACT_EPID_Reports_vol_46_no_12-english.md,1,0,,0.4961,8,text_no_ocr,1.40
EPID_Reports_vol_46_no_13-english.pdf,PDF_EXTRACT_EPID_Reports_vol_46_no_13-english.md,1,0,,0.4425,8,text_no_ocr,1.50
EPID_Reports_vol_46_no_14-english.pdf,PDF_EXTRACT_EPID_Reports_vol_46_no_14-english.md,1,0,,0.5154,7,text_no_ocr,1.50
EPID_Reports_vol_46_no_15-english.pdf,PDF_EXTRACT_EPID_Reports_vol_46_no_15-english.md,1,0,,0.5945,9,text_no_ocr,1.40
EPID_Reports_vol_46_no_16-english.pdf,PDF_EXTRACT_EPID_Reports_vol_46_no_16-english.md,1,0,,0.4662,8,text_no_ocr,1.72
EPID_Reports_vol_46_no_17-english.pdf,PDF_EXTRACT_EPID_Reports_vol_46_no_17-english.md,1,0,,0.5150,9,text_no_ocr,1.57
EPID_Reports_vol_46_no_18-english.pdf,PDF_EXTRACT_EPID_Reports_vol_46_no_18-english.md,1,0,,0.5316,9,text_no_ocr,1.56
EPID_Reports_vol_46_no_19-english.pdf,PDF_EXTRACT_EPID_Reports_vol_46_no_19-english.md,1,0,,0.5189,7,text_no_ocr,1.33
EPID_Reports_vol_46_no_20-english.pdf,PDF_EXTRACT_EPID_Reports_vol_46_no_20-english.md,1,0,,0.5235,8,text_no_ocr,1.48
EPID_Reports_vol_46_no_21-english.pdf,PDF_EXTRACT_EPID_Reports_vol_46_no_21-english.md,1,0,,0.4515,9,text_no_ocr,1.80
EPID_Reports_vol_46_no_22-english.pdf,PDF_EXTRACT_EPID_Reports_vol_46_no_22-english.md,1,0,,0.5681,9,text_no_ocr,1.97
EPID_Reports_vol_46_no_23-english.pdf,PDF_EXTRACT_EPID_Reports_vol_46_no_23-english.md,1,0,,0.5774,5,text_no_ocr,1.28
EPID_Reports_vol_46_no_24-english.pdf,PDF_EXTRACT_EPID_Reports_vol_46_no_24-english.md,1,0,,0.5573,7,text_no_ocr,1.70
EPID_Reports_vol_46_no_25-english.pdf,PDF_EXTRACT_EPID_Reports_vol_46_no_25-english.md,1,0,,0.4241,8,text_no_ocr,1.86
EPID_Reports_vol_46_no_26-english.pdf,PDF_EXTRACT_EPID_Reports_vol_46_no_26-english.md,1,0,,0.5589,8,text_no_ocr,1.86
EPID_Reports_vol_46_no_27-english.pdf,PDF_EXTRACT_EPID_Reports_vol_46_no_27-english.md,1,0,,0.5372,7,text_no_ocr,1.81
EPID_Reports_vol_46_no_28-english.pdf,PDF_EXTRACT_EPID_Reports_vol_46_no_28-english.md,1,0,,0.5517,8,text_no_ocr,1.38
EPID_Reports_vol_46_no_29-english.pdf,PDF_EXTRACT_EPID_Reports_vol_46_no_29-english.md,1,0,,0.4709,7,text_no_ocr,1.47
EPID_Reports_vol_46_no_30-english.pdf,PDF_EXTRACT_EPID_Reports_vol_46_no_30-english.md,1,0,,0.4431,11,text_no_ocr,1.47
EPID_Reports_vol_46_no_31-english.pdf,PDF_EXTRACT_EPID_Reports_vol_46_no_31-english.md,1,0,,0.5870,9,text_no_ocr,1.70
EPID_Reports_vol_46_no_32-english.pdf,PDF_EXTRACT_EPID_Reports_vol_46_no_32-english.md,1,0,,0.4813,7,text_no_ocr,1.36
EPID_Reports_vol_46_no_33-english.pdf,PDF_EXTRACT_EPID_Reports_vol_46_no_33-english.md,1,0,,0.5199,7,text_no_ocr,1.55
EPID_Reports_vol_46_no_34-english.pdf,PDF_EXTRACT_EPID_Reports_vol_46_no_34-english.md,1,0,,0.5190,8,text_no_ocr,1.51
EPID_Reports_vol_46_no_35-english.pdf,PDF_EXTRACT_EPID_Reports_vol_46_no_35-english.md,1,0,,0.4994,8,text_no_ocr,1.77
EPID_Reports_vol_46_no_36-english.pdf,PDF_EXTRACT_EPID_Reports_vol_46_no_36-english.md,1,0,,0.5344,7,text_no_ocr,1.70
EPID_Reports_vol_46_no_37-english.pdf,PDF_EXTRACT_EPID_Reports_vol_46_no_37-english.md,1,0,,0.5803,7,text_no_ocr,1.68
EPID_Reports_vol_46_no_38-english.pdf,PDF_EXTRACT_EPID_Reports_vol_46_no_38-english.md,1,0,,0.5294,8,text_no_ocr,1.82
EPID_Reports_vol_46_no_39-english.pdf,PDF_EXTRACT_EPID_Reports_vol_46_no_39-english.md,1,0,,0.5041,8,text_no_ocr,1.47
EPID_Reports_vol_46_no_40-english.pdf,PDF_EXTRACT_EPID_Reports_vol_46_no_40-english.md,1,0,,0.4301,7,text_no_ocr,1.33
EPID_Reports_vol_46_no_41-english.pdf,PDF_EXTRACT_EPID_Reports_vol_46_no_41-english.md,1,0,,0.5520,7,text_no_ocr,1.44
EPID_Reports_vol_46_no_42-english.pdf,PDF_EXTRACT_EPID_Reports_vol_46_no_42-english.md,1,0,,0.4958,8,text_no_ocr,1.46
EPID_Reports_vol_46_no_43-english.pdf,PDF_EXTRACT_EPID_Reports_vol_46_no_43-english.md,1,0,,0.4565,8,text_no_ocr,1.45
EPID_Reports_vol_46_no_44-english.pdf,PDF_EXTRACT_EPID_Reports_vol_46_no_44-english.md,1,0,,0.4543,9,text_no_ocr,1.34
EPID_Reports_vol_46_no_45-english.pdf,PDF_EXTRACT_EPID_Reports_vol_46_no_45-english.md,1,0,,0.4886,7,text_no_ocr,1.72
EPID_Reports_vol_46_no_46-english.pdf,PDF_EXTRACT_EPID_Reports_vol_46_no_46-english.md,1,0,,0.4502,8,text_no_ocr,1.33
EPID_Reports_vol_46_no_47-english.pdf,PDF_EXTRACT_EPID_Reports_vol_46_no_47-english.md,1,0,,0.4465,8,text_no_ocr,1.53
EPID_Reports_vol_46_no_48-english.pdf,PDF_EXTRACT_EPID_Reports_vol_46_no_48-english.md,1,0,,0.5012,9,text_no_ocr,1.34
EPID_Reports_vol_46_no_49-english.pdf,PDF_EXTRACT_EPID_Reports_vol_46_no_49-english.md,1,0,,0.5013,9,text_no_ocr,1.39
EPID_Reports_vol_46_no_50-english.pdf,PDF_EXTRACT_EPID_Reports_vol_46_no_50-english.md,1,0,,0.4660,7,text_no_ocr,1.37
EPID_Reports_vol_46_no_51-english.pdf,PDF_EXTRACT_EPID_Reports_vol_46_no_51-english.md,1,0,,0.4615,10,text_no_ocr,1.56
EPID_Reports_vol_46_no_52-english.pdf,PDF_EXTRACT_EPID_Reports_vol_46_no_52-english.md,1,0,,0.5708,10,text_no_ocr,1.55
EPID_Reports_vol_47_no_01-english.pdf,PDF_EXTRACT_EPID_Reports_vol_47_no_01-english.md,1,0,,0.4962,7,text_no_ocr,1.33
EPID_Reports_vol_47_no_02-english.pdf,PDF_EXTRACT_EPID_Reports_vol_47_no_02-english.md,1,0,,0.4394,9,text_no_ocr,1.79
EPID_Reports_vol_47_no_03-english.pdf,PDF_EXTRACT_EPID_Reports_vol_47_no_03-english.md,1,0,,0.4573,7,text_no_ocr,1.36
EPID_Reports_vol_47_no_04-english.pdf,PDF_EXTRACT_EPID_Reports_vol_47_no_04-english.md,1,0,,0.4961,7,text_no_ocr,1.61
EPID_Reports_vol_47_no_05-english.pdf,PDF_EXTRACT_EPID_Reports_vol_47_no_05-english.md,1,0,,0.4958,7,text_no_ocr,1.40
EPID_Reports_vol_47_no_06-english.pdf,PDF_EXTRACT_EPID_Reports_vol_47_no_06-english.md,1,0,,0.5629,7,text_no_ocr,1.38
EPID_Reports_vol_47_no_07-english.pdf,PDF_EXTRACT_EPID_Reports_vol_47_no_07-english.md,1,0,,0.5300,7,text_no_ocr,1.49
EPID_Reports_vol_47_no_08-english.pdf,PDF_EXTRACT_EPID_Reports_vol_47_no_08-english.md,1,0,,0.5172,7,text_no_ocr,1.40
EPID_Reports_vol_47_no_09-english.pdf,PDF_EXTRACT_EPID_Reports_vol_47_no_09-english.md,1,0,,0.4680,7,text_no_ocr,0.61
EPID_Reports_vol_47_no_10-english_1.pdf,PDF_EXTRACT_EPID_Reports_vol_47_no_10-english_1.md,1,0,,0.5658,8,text_no_ocr,0.58
EPID_Reports_vol_47_no_11-english_1.pdf,PDF_EXTRACT_EPID_Reports_vol_47_no_11-english_1.md,1,0,,0.4603,8,text_no_ocr,0.72
EPID_Reports_vol_47_no_12-english_1.pdf,PDF_EXTRACT_EPID_Reports_vol_47_no_12-english_1.md,1,0,,0.4910,6,text_no_ocr,0.65
EPID_Reports_vol_47_no_13-english_1.pdf,PDF_EXTRACT_EPID_Reports_vol_47_no_13-english_1.md,1,0,,0.5756,7,text_no_ocr,0.70
EPID_Reports_vol_47_no_14-english_1.pdf,PDF_EXTRACT_EPID_Reports_vol_47_no_14-english_1.md,1,0,,0.5740,7,text_no_ocr,0.63
EPID_Reports_vol_47_no_15-english_1.pdf,PDF_EXTRACT_EPID_Reports_vol_47_no_15-english_1.md,1,0,,0.5905,7,text_no_ocr,0.66
EPID_Reports_vol_47_no_16-english_1.pdf,PDF_EXTRACT_EPID_Reports_vol_47_no_16-english_1.md,1,0,,0.5669,7,text_no_ocr,0.62
EPID_Reports_vol_47_no_17-english_1.pdf,PDF_EXTRACT_EPID_Reports_vol_47_no_17-english_1.md,1,0,,0.4998,9,text_no_ocr,0.72
EPID_Reports_vol_47_no_18-english_1.pdf,PDF_EXTRACT_EPID_Reports_vol_47_no_18-english_1.md,1,0,,0.4147,8,text_no_ocr,0.67
EPID_Reports_vol_47_no_19-english_1.pdf,PDF_EXTRACT_EPID_Reports_vol_47_no_19-english_1.md,1,0,,0.5717,6,text_no_ocr,0.59
EPID_Reports_vol_47_no_20-english_1.pdf,PDF_EXTRACT_EPID_Reports_vol_47_no_20-english_1.md,1,0,,0.6022,8,text_no_ocr,0.59
EPID_Reports_vol_47_no_21-english_1.pdf,PDF_EXTRACT_EPID_Reports_vol_47_no_21-english_1.md,1,0,,0.5493,7,text_no_ocr,0.65
EPID_Reports_vol_47_no_22-english_1.pdf,PDF_EXTRACT_EPID_Reports_vol_47_no_22-english_1.md,1,0,,0.6218,7,text_no_ocr,0.73
EPID_Reports_vol_47_no_23-english_1.pdf,PDF_EXTRACT_EPID_Reports_vol_47_no_23-english_1.md,1,0,,0.5986,6,text_no_ocr,0.63
EPID_Reports_vol_47_no_24-english_1.pdf,PDF_EXTRACT_EPID_Reports_vol_47_no_24-english_1.md,1,0,,0.5629,7,text_no_ocr,0.61
EPID_Reports_vol_47_no_25-english_1.pdf,PDF_EXTRACT_EPID_Reports_vol_47_no_25-english_1.md,1,0,,0.6434,8,text_no_ocr,0.61
EPID_Reports_vol_47_no_26-english_1.pdf,PDF_EXTRACT_EPID_Reports_vol_47_no_26-english_1.md,1,0,,0.4630,8,text_no_ocr,0.92
EPID_Reports_vol_47_no_27-english_1.pdf,PDF_EXTRACT_EPID_Reports_vol_47_no_27-english_1.md,1,0,,0.5559,8,text_no_ocr,0.67
EPID_Reports_vol_47_no_28-english_1.pdf,PDF_EXTRACT_EPID_Reports_vol_47_no_28-english_1.md,1,0,,0.5474,6,text_no_ocr,0.62
EPID_Reports_vol_47_no_29-english_1.pdf,PDF_EXTRACT_EPID_Reports_vol_47_no_29-english_1.md,1,0,,0.5277,7,text_no_ocr,0.64
EPID_Reports_vol_47_no_30-english_1.pdf,PDF_EXTRACT_EPID_Reports_vol_47_no_30-english_1.md,1,0,,0.4888,8,text_no_ocr,0.80
EPID_Reports_vol_47_no_31-english_1.pdf,PDF_EXTRACT_EPID_Reports_vol_47_no_31-english_1.md,1,0,,0.4905,7,text_no_ocr,0.95
EPID_Reports_vol_47_no_32-english_1.pdf,PDF_EXTRACT_EPID_Reports_vol_47_no_32-english_1.md,1,0,,0.5022,7,text_no_ocr,0.73
EPID_Reports_vol_47_no_33-english_1.pdf,PDF_EXTRACT_EPID_Reports_vol_47_no_33-english_1.md,1,0,,0.5594,6,text_no_ocr,0.70
EPID_Reports_vol_47_no_34-english_1.pdf,PDF_EXTRACT_EPID_Reports_vol_47_no_34-english_1.md,1,0,,0.4657,7,text_no_ocr,0.81
EPID_Reports_vol_47_no_35-english_1.pdf,PDF_EXTRACT_EPID_Reports_vol_47_no_35-english_1.md,1,0,,0.5426,6,text_no_ocr,0.84
EPID_Reports_vol_47_no_36-english_2.pdf,PDF_EXTRACT_EPID_Reports_vol_47_no_36-english_2.md,1,0,,0.6156,8,text_no_ocr,0.91
EPID_Reports_vol_47_no_37-english_1.pdf,PDF_EXTRACT_EPID_Reports_vol_47_no_37-english_1.md,1,0,,0.5840,6,text_no_ocr,0.63
EPID_Reports_vol_47_no_38-english_1.pdf,PDF_EXTRACT_EPID_Reports_vol_47_no_38-english_1.md,1,0,,0.6390,9,text_no_ocr,0.59
EPID_Reports_vol_47_no_39-english_1.pdf,PDF_EXTRACT_EPID_Reports_vol_47_no_39-english_1.md,1,0,,0.5373,7,text_no_ocr,0.69
EPID_Reports_vol_47_no_40-english_1.pdf,PDF_EXTRACT_EPID_Reports_vol_47_no_40-english_1.md,1,0,,0.5269,8,text_no_ocr,0.62
EPID_Reports_vol_47_no_41-english.pdf,PDF_EXTRACT_EPID_Reports_vol_47_no_41-english.md,1,0,,0.5640,7,text_no_ocr,0.64
EPID_Reports_vol_47_no_42-english.pdf,PDF_EXTRACT_EPID_Reports_vol_47_no_42-english.md,1,0,,0.5794,6,text_no_ocr,0.60
EPID_Reports_vol_47_no_43-english.pdf,PDF_EXTRACT_EPID_Reports_vol_47_no_43-english.md,1,0,,0.6014,8,text_no_ocr,0.65
EPID_Reports_vol_47_no_44-english_1.pdf,PDF_EXTRACT_EPID_Reports_vol_47_no_44-english_1.md,1,0,,0.6207,8,text_no_ocr,0.80
EPID_Reports_vol_47_no_45-english_1.pdf,PDF_EXTRACT_EPID_Reports_vol_47_no_45-english_1.md,1,0,,0.5502,6,text_no_ocr,0.70
EPID_Reports_vol_47_no_46-english_1.pdf,PDF_EXTRACT_EPID_Reports_vol_47_no_46-english_1.md,1,0,,0.5884,7,text_no_ocr,0.62
EPID_Reports_vol_47_no_47-english_1.pdf,PDF_EXTRACT_EPID_Reports_vol_47_no_47-english_1.md,1,0,,0.5291,8,text_no_ocr,0.63
EPID_Reports_vol_47_no_48-english_1.pdf,PDF_EXTRACT_EPID_Reports_vol_47_no_48-english_1.md,1,0,,0.5121,8,text_no_ocr,0.66
EPID_Reports_vol_47_no_49-english.pdf,PDF_EXTRACT_EPID_Reports_vol_47_no_49-english.md,1,0,,0.5776,7,text_no_ocr,0.62
EPID_Reports_vol_47_no_50-english.pdf,PDF_EXTRACT_EPID_Reports_vol_47_no_50-english.md,1,0,,0.4763,7,text_no_ocr,0.73
EPID_Reports_vol_47_no_51-english.pdf,PDF_EXTRACT_EPID_Reports_vol_47_no_51-english.md,1,0,,0.5432,7,text_no_ocr,0.68
EPID_Reports_vol_47_no_52-english.pdf,PDF_EXTRACT_EPID_Reports_vol_47_no_52-english.md,1,0,,0.5192,8,text_no_ocr,0.65
EPID_Reports_vol_48_no_01-english.pdf,PDF_EXTRACT_EPID_Reports_vol_48_no_01-english.md,1,0,,0.5618,8,text_no_ocr,0.83
EPID_Reports_vol_48_no_02-english_1.pdf,PDF_EXTRACT_EPID_Reports_vol_48_no_02-english_1.md,1,0,,0.5534,6,text_no_ocr,1.12
EPID_Reports_vol_48_no_03-english_2.pdf,PDF_EXTRACT_EPID_Reports_vol_48_no_03-english_2.md,1,0,,0.4549,7,text_no_ocr,1.18
EPID_Reports_vol_48_no_04-english_1.pdf,PDF_EXTRACT_EPID_Reports_vol_48_no_04-english_1.md,1,0,,0.5646,7,text_no_ocr,0.97
EPID_Reports_vol_48_no_05-english_2.pdf,PDF_EXTRACT_EPID_Reports_vol_48_no_05-english_2.md,1,0,,0.6011,8,text_no_ocr,0.87
EPID_Reports_vol_48_no_06-english.pdf,PDF_EXTRACT_EPID_Reports_vol_48_no_06-english.md,1,0,,0.5500,8,text_no_ocr,0.91
EPID_Reports_vol_48_no_07-english_2.pdf,PDF_EXTRACT_EPID_Reports_vol_48_no_07-english_2.md,1,0,,0.5541,6,text_no_ocr,1.07
EPID_Reports_vol_48_no_08-english_2.pdf,PDF_EXTRACT_EPID_Reports_vol_48_no_08-english_2.md,1,0,,0.4006,7,text_no_ocr,1.20
EPID_Reports_vol_48_no_09-english_1.pdf,PDF_EXTRACT_EPID_Reports_vol_48_no_09-english_1.md,1,0,,0.5117,8,text_no_ocr,1.05
EPID_Reports_vol_48_no_10-english.pdf,PDF_EXTRACT_EPID_Reports_vol_48_no_10-english.md,1,0,,0.5496,6,text_no_ocr,0.88
EPID_Reports_vol_48_no_11-english.pdf,PDF_EXTRACT_EPID_Reports_vol_48_no_11-english.md,1,0,,0.4619,6,text_no_ocr,0.94
EPID_Reports_vol_48_no_12-english.pdf,PDF_EXTRACT_EPID_Reports_vol_48_no_12-english.md,1,0,,0.5172,8,text_no_ocr,0.90
EPID_Reports_vol_48_no_13-english_1.pdf,PDF_EXTRACT_EPID_Reports_vol_48_no_13-english_1.md,1,0,,0.4763,8,text_no_ocr,1.24
EPID_Reports_vol_48_no_14-english_1.pdf,PDF_EXTRACT_EPID_Reports_vol_48_no_14-english_1.md,1,0,,0.5001,8,text_no_ocr,1.28
EPID_Reports_vol_48_no_15-english_1.pdf,PDF_EXTRACT_EPID_Reports_vol_48_no_15-english_1.md,1,0,,0.6091,6,text_no_ocr,1.29
EPID_Reports_vol_48_no_16-english_1.pdf,PDF_EXTRACT_EPID_Reports_vol_48_no_16-english_1.md,1,0,,0.5269,6,text_no_ocr,0.90
EPID_Reports_vol_48_no_17-english_2.pdf,PDF_EXTRACT_EPID_Reports_vol_48_no_17-english_2.md,1,0,,0.5627,7,text_no_ocr,1.22
EPID_Reports_vol_48_no_18-english_1.pdf,PDF_EXTRACT_EPID_Reports_vol_48_no_18-english_1.md,1,0,,0.5956,8,text_no_ocr,1.18
EPID_Reports_vol_48_no_19-english_2.pdf,PDF_EXTRACT_EPID_Reports_vol_48_no_19-english_2.md,1,0,,0.6112,6,text_no_ocr,1.20
EPID_Reports_vol_48_no_20-english.pdf,PDF_EXTRACT_EPID_Reports_vol_48_no_20-english.md,1,0,,0.5727,7,text_no_ocr,0.85
EPID_Reports_vol_48_no_21-english.pdf,PDF_EXTRACT_EPID_Reports_vol_48_no_21-english.md,1,0,,0.5443,7,text_no_ocr,0.88
EPID_Reports_vol_48_no_22-english_1.pdf,PDF_EXTRACT_EPID_Reports_vol_48_no_22-english_1.md,1,0,,0.5363,8,text_no_ocr,1.12
EPID_Reports_vol_48_no_23-english_3.pdf,PDF_EXTRACT_EPID_Reports_vol_48_no_23-english_3.md,1,0,,0.5967,7,text_no_ocr,0.88
EPID_Reports_vol_48_no_24-english_2.pdf,PDF_EXTRACT_EPID_Reports_vol_48_no_24-english_2.md,1,0,,0.5785,6,text_no_ocr,0.83
EPID_Reports_vol_48_no_25-english_3.pdf,PDF_EXTRACT_EPID_Reports_vol_48_no_25-english_3.md,1,0,,0.5773,7,text_no_ocr,1.21
EPID_Reports_vol_48_no_26-english_3.pdf,PDF_EXTRACT_EPID_Reports_vol_48_no_26-english_3.md,1,0,,0.5288,8,text_no_ocr,1.30
EPID_Reports_vol_48_no_27-english.pdf,PDF_EXTRACT_EPID_Reports_vol_48_no_27-english.md,1,0,,0.5532,7,text_no_ocr,0.83
EPID_Reports_vol_48_no_28-english.pdf,PDF_EXTRACT_EPID_Reports_vol_48_no_28-english.md,1,0,,0.5294,6,text_no_ocr,1.15
EPID_Reports_vol_48_no_29-english.pdf,PDF_EXTRACT_EPID_Reports_vol_48_no_29-english.md,1,0,,0.4905,6,text_no_ocr,1.23
EPID_Reports_vol_48_no_30-english.pdf,PDF_EXTRACT_EPID_Reports_vol_48_no_30-english.md,1,0,,0.4935,7,text_no_ocr,1.35
EPID_Reports_vol_48_no_31-english_1.pdf,PDF_EXTRACT_EPID_Reports_vol_48_no_31-english_1.md,1,0,,0.5926,8,text_no_ocr,1.30
EPID_Reports_vol_48_no_32-english_1.pdf,PDF_EXTRACT_EPID_Reports_vol_48_no_32-english_1.md,1,0,,0.5502,6,text_no_ocr,1.31
EPID_Reports_vol_48_no_33-english_1.pdf,PDF_EXTRACT_EPID_Reports_vol_48_no_33-english_1.md,1,0,,0.5248,7,text_no_ocr,1.24
EPID_Reports_vol_48_no_34-english_1.pdf,PDF_EXTRACT_EPID_Reports_vol_48_no_34-english_1.md,1,0,,0.4599,7,text_no_ocr,1.28
EPID_Reports_vol_48_no_35-english.pdf,PDF_EXTRACT_EPID_Reports_vol_48_no_35-english.md,1,0,,0.5827,7,text_no_ocr,1.31
EPID_Reports_vol_48_no_36-english.pdf,PDF_EXTRACT_EPID_Reports_vol_48_no_36-english.md,1,0,,0.5607,7,text_no_ocr,1.24
EPID_Reports_vol_48_no_37-english.pdf,PDF_EXTRACT_EPID_Reports_vol_48_no_37-english.md,1,0,,0.5071,6,text_no_ocr,1.30
EPID_Reports_vol_48_no_38-english.pdf,PDF_EXTRACT_EPID_Reports_vol_48_no_38-english.md,1,0,,0.4684,6,text_no_ocr,1.25
EPID_Reports_vol_48_no_39-english.pdf,PDF_EXTRACT_EPID_Reports_vol_48_no_39-english.md,1,0,,0.4699,7,text_no_ocr,1.27
EPID_Reports_vol_48_no_40-english.pdf,PDF_EXTRACT_EPID_Reports_vol_48_no_40-english.md,1,0,,0.4282,7,text_no_ocr,1.20
EPID_Reports_vol_48_no_41-english.pdf,PDF_EXTRACT_EPID_Reports_vol_48_no_41-english.md,1,0,,0.5722,6,text_no_ocr,1.29
EPID_Reports_vol_48_no_42-english.pdf,PDF_EXTRACT_EPID_Reports_vol_48_no_42-english.md,1,0,,0.4842,8,text_no_ocr,1.23
EPID_Reports_vol_48_no_44-english.pdf,PDF_EXTRACT_EPID_Reports_vol_48_no_44-english.md,1,0,,0.4279,7,text_no_ocr,1.57
EPID_Reports_vol_48_no_45-english.pdf,PDF_EXTRACT_EPID_Reports_vol_48_no_45-english.md,1,0,,0.5132,6,text_no_ocr,1.45
EPID_Reports_vol_48_no_46-english.pdf,PDF_EXTRACT_EPID_Reports_vol_48_no_46-english.md,1,0,,0.5482,6,text_no_ocr,1.60
EPID_Reports_vol_48_no_47-english.pdf,PDF_EXTRACT_EPID_Reports_vol_48_no_47-english.md,1,0,,0.5084,7,text_no_ocr,1.24
EPID_Reports_vol_48_no_48-english.pdf,PDF_EXTRACT_EPID_Reports_vol_48_no_48-english.md,1,0,,0.4305,7,text_no_ocr,1.24
EPID_Reports_vol_48_no_49-english.pdf,PDF_EXTRACT_EPID_Reports_vol_48_no_49-english.md,1,0,,0.5255,8,text_no_ocr,1.20
EPID_Reports_vol_48_no_50-english.pdf,PDF_EXTRACT_EPID_Reports_vol_48_no_50-english.md,1,0,,0.4869,7,text_no_ocr,1.50
EPID_Reports_vol_48_no_51-english.pdf,PDF_EXTRACT_EPID_Reports_vol_48_no_51-english.md,1,0,,0.6010,6,text_no_ocr,1.31
EPID_Reports_vol_48_no_52-english.pdf,PDF_EXTRACT_EPID_Reports_vol_48_no_52-english.md,1,0,,0.4375,7,text_no_ocr,1.13
EPID_Reports_vol_48_no_53-english.pdf,PDF_EXTRACT_EPID_Reports_vol_48_no_53-english.md,1,0,,0.4524,8,text_no_ocr,1.09
EPID_Reports_vol_49_no_01-english.pdf,PDF_EXTRACT_EPID_Reports_vol_49_no_01-english.md,1,0,,0.5497,9,text_no_ocr,1.00
EPID_Reports_vol_49_no_02-english_2.pdf,PDF_EXTRACT_EPID_Reports_vol_49_no_02-english_2.md,1,0,,0.5030,8,text_no_ocr,1.24
EPID_Reports_vol_49_no_03-english_2.pdf,PDF_EXTRACT_EPID_Reports_vol_49_no_03-english_2.md,1,0,,0.5403,8,text_no_ocr,1.13
EPID_Reports_vol_49_no_04-english_1.pdf,PDF_EXTRACT_EPID_Reports_vol_49_no_04-english_1.md,1,0,,0.5759,7,text_no_ocr,1.07
EPID_Reports_vol_49_no_05-english_1.pdf,PDF_EXTRACT_EPID_Reports_vol_49_no_05-english_1.md,1,0,,0.5663,6,text_no_ocr,1.08
EPID_Reports_vol_49_no_06-english.pdf,PDF_EXTRACT_EPID_Reports_vol_49_no_06-english.md,1,0,,0.5641,7,text_no_ocr,1.24
EPID_Reports_vol_49_no_07-english.pdf,PDF_EXTRACT_EPID_Reports_vol_49_no_07-english.md,1,0,,0.5750,6,text_no_ocr,1.21
EPID_Reports_vol_49_no_08-english_2.pdf,PDF_EXTRACT_EPID_Reports_vol_49_no_08-english_2.md,1,0,,0.5808,8,text_no_ocr,1.59
EPID_Reports_vol_49_no_09-english.pdf,PDF_EXTRACT_EPID_Reports_vol_49_no_09-english.md,1,0,,0.5714,9,text_no_ocr,1.15
EPID_Reports_vol_49_no_10-english.pdf,PDF_EXTRACT_EPID_Reports_vol_49_no_10-english.md,1,0,,0.5816,7,text_no_ocr,1.46
EPID_Reports_vol_49_no_11-english.pdf,PDF_EXTRACT_EPID_Reports_vol_49_no_11-english.md,1,0,,0.5761,9,text_no_ocr,1.54
EPID_Reports_vol_49_no_12-english.pdf,PDF_EXTRACT_EPID_Reports_vol_49_no_12-english.md,1,0,,0.5405,9,text_no_ocr,1.27
EPID_Reports_vol_49_no_13-english.pdf,PDF_EXTRACT_EPID_Reports_vol_49_no_13-english.md,1,0,,0.5522,7,text_no_ocr,1.00
EPID_Reports_vol_49_no_14-english.pdf,PDF_EXTRACT_EPID_Reports_vol_49_no_14-english.md,1,0,,0.6030,6,text_no_ocr,1.07
EPID_Reports_vol_49_no_15-english_1.pdf,PDF_EXTRACT_EPID_Reports_vol_49_no_15-english_1.md,1,0,,0.5662,9,text_no_ocr,1.30
EPID_Reports_vol_49_no_16-english_1.pdf,PDF_EXTRACT_EPID_Reports_vol_49_no_16-english_1.md,1,0,,0.4778,7,text_no_ocr,1.15
EPID_Reports_vol_49_no_17-english_3.pdf,PDF_EXTRACT_EPID_Reports_vol_49_no_17-english_3.md,1,0,,0.5773,8,text_no_ocr,1.42
EPID_Reports_vol_49_no_18-english_2.pdf,PDF_EXTRACT_EPID_Reports_vol_49_no_18-english_2.md,1,0,,0.5586,7,text_no_ocr,1.39
EPID_Reports_vol_49_no_19-english_2.pdf,PDF_EXTRACT_EPID_Reports_vol_49_no_19-english_2.md,1,0,,0.5627,8,text_no_ocr,1.18
EPID_Reports_vol_49_no_20-english_1.pdf,PDF_EXTRACT_EPID_Reports_vol_49_no_20-english_1.md,1,0,,0.5182,7,text_no_ocr,1.25
EPID_Reports_vol_49_no_21-english_3.pdf,PDF_EXTRACT_EPID_Reports_vol_49_no_21-english_3.md,1,0,,0.5764,7,text_no_ocr,1.61
EPID_Reports_vol_49_no_22-english_1.pdf,PDF_EXTRACT_EPID_Reports_vol_49_no_22-english_1.md,1,0,,0.6382,7,text_no_ocr,1.25
EPID_Reports_vol_49_no_23-english_2.pdf,PDF_EXTRACT_EPID_Reports_vol_49_no_23-english_2.md,1,0,,0.5265,7,text_no_ocr,1.06
EPID_Reports_vol_49_no_24-english_1.pdf,PDF_EXTRACT_EPID_Reports_vol_49_no_24-english_1.md,1,0,,0.5736,7,text_no_ocr,1.45
EPID_Reports_vol_49_no_25-english_2.pdf,PDF_EXTRACT_EPID_Reports_vol_49_no_25-english_2.md,1,0,,0.4574,7,text_no_ocr,1.40
EPID_Reports_vol_49_no_26-english_2.pdf,PDF_EXTRACT_EPID_Reports_vol_49_no_26-english_2.md,1,0,,0.5044,7,text_no_ocr,1.17
EPID_Reports_vol_49_no_27-english.pdf,PDF_EXTRACT_EPID_Reports_vol_49_no_27-english.md,1,0,,0.6456,7,text_no_ocr,1.21
EPID_Reports_vol_49_no_28-english_2.pdf,PDF_EXTRACT_EPID_Reports_vol_49_no_28-english_2.md,1,0,,0.5375,6,text_no_ocr,1.33
EPID_Reports_vol_49_no_29-english_3.pdf,PDF_EXTRACT_EPID_Reports_vol_49_no_29-english_3.md,1,0,,0.4195,7,text_no_ocr,1.40
EPID_Reports_vol_49_no_30-english.pdf,PDF_EXTRACT_EPID_Reports_vol_49_no_30-english.md,1,0,,0.5325,7,text_no_ocr,1.32
EPID_Reports_vol_49_no_31-english_1.pdf,PDF_EXTRACT_EPID_Reports_vol_49_no_31-english_1.md,1,0,,0.5170,6,text_no_ocr,1.09
EPID_Reports_vol_49_no_32-english_1.pdf,PDF_EXTRACT_EPID_Reports_vol_49_no_32-english_1.md,1,0,,0.5745,7,text_no_ocr,1.20
EPID_Reports_vol_49_no_33-english_2.pdf,PDF_EXTRACT_EPID_Reports_vol_49_no_33-english_2.md,1,0,,0.6046,7,text_no_ocr,1.43
EPID_Reports_vol_49_no_34-english_2.pdf,PDF_EXTRACT_EPID_Reports_vol_49_no_34-english_2.md,1,0,,0.5634,7,text_no_ocr,1.37
EPID_Reports_vol_49_no_35-english_3.pdf,PDF_EXTRACT_EPID_Reports_vol_49_no_35-english_3.md,1,0,,0.6001,8,text_no_ocr,1.10
EPID_Reports_vol_49_no_36-english_1.pdf,PDF_EXTRACT_EPID_Reports_vol_49_no_36-english_1.md,1,0,,0.5705,6,text_no_ocr,1.01
EPID_Reports_vol_49_no_37-english_1.pdf,PDF_EXTRACT_EPID_Reports_vol_49_no_37-english_1.md,1,0,,0.6188,7,text_no_ocr,1.14
EPID_Reports_vol_49_no_38-english_1.pdf,PDF_EXTRACT_EPID_Reports_vol_49_no_38-english_1.md,1,0,,0.4962,7,text_no_ocr,1.27
EPID_Reports_vol_49_no_39-english_1.pdf,PDF_EXTRACT_EPID_Reports_vol_49_no_39-english_1.md,1,0,,0.5976,7,text_no_ocr,1.34
EPID_Reports_vol_49_no_40-english.pdf,PDF_EXTRACT_EPID_Reports_vol_49_no_40-english.md,1,0,,0.6469,7,text_no_ocr,1.61
EPID_Reports_vol_49_no_41-english.pdf,PDF_EXTRACT_EPID_Reports_vol_49_no_41-english.md,1,0,,0.5883,6,text_no_ocr,1.43
EPID_Reports_vol_49_no_42-english.pdf,PDF_EXTRACT_EPID_Reports_vol_49_no_42-english.md,1,0,,0.4337,8,text_no_ocr,1.27
EPID_Reports_vol_49_no_43-english.pdf,PDF_EXTRACT_EPID_Reports_vol_49_no_43-english.md,1,0,,0.5477,8,text_no_ocr,1.33
FHB_FamilyHealthBureau_001.pdf,PDF_EXTRACT_FHB_FamilyHealthBureau_001.md,1,1,keyword_hits<1,0.3144,0,ocr_retry,0.57
FHB_FamilyHealthBureau_0010.pdf,PDF_EXTRACT_FHB_FamilyHealthBureau_0010.md,1,0,,0.2963,1,text_no_ocr,0.89
FHB_FamilyHealthBureau_0011.pdf,PDF_EXTRACT_FHB_FamilyHealthBureau_0011.md,1,1,keyword_hits<1,0.3447,0,ocr_retry,0.83
FHB_FamilyHealthBureau_0012.pdf,PDF_EXTRACT_FHB_FamilyHealthBureau_0012.md,1,1,keyword_hits<1,0.2665,0,ocr_retry,0.91
FHB_FamilyHealthBureau_0013.pdf,PDF_EXTRACT_FHB_FamilyHealthBureau_0013.md,1,1,alpha_ratio<0.25;keyword_hits<1,0.1883,0,ocr_retry,0.58
FHB_FamilyHealthBureau_002.pdf,PDF_EXTRACT_FHB_FamilyHealthBureau_002.md,1,1,keyword_hits<1,0.2640,0,ocr_retry,0.31
FHB_FamilyHealthBureau_003.pdf,PDF_EXTRACT_FHB_FamilyHealthBureau_003.md,1,0,,0.2651,1,text_no_ocr,0.77
FHB_FamilyHealthBureau_004.pdf,PDF_EXTRACT_FHB_FamilyHealthBureau_004.md,1,0,,0.3123,1,text_no_ocr,0.68
FHB_FamilyHealthBureau_005.pdf,PDF_EXTRACT_FHB_FamilyHealthBureau_005.md,1,1,keyword_hits<1,0.2943,0,ocr_retry,0.67
FHB_FamilyHealthBureau_006.pdf,PDF_EXTRACT_FHB_FamilyHealthBureau_006.md,1,0,,0.3164,1,text_no_ocr,0.79
FHB_FamilyHealthBureau_007.pdf,PDF_EXTRACT_FHB_FamilyHealthBureau_007.md,1,1,keyword_hits<1,0.3161,0,ocr_retry,0.70
FHB_FamilyHealthBureau_008.pdf,PDF_EXTRACT_FHB_FamilyHealthBureau_008.md,1,1,keyword_hits<1,0.2683,0,ocr_retry,0.71
FHB_FamilyHealthBureau_009.pdf,PDF_EXTRACT_FHB_FamilyHealthBureau_009.md,1,0,,0.2943,1,text_no_ocr,0.86
FHB_FamilyHealthBureau_4sec01.pdf,PDF_EXTRACT_FHB_FamilyHealthBureau_4sec01.md,1,1,keyword_hits<1,0.2892,0,ocr_retry,0.50
FHB_FamilyHealthBureau_4sec02.pdf,PDF_EXTRACT_FHB_FamilyHealthBureau_4sec02.md,1,1,keyword_hits<1,0.2790,0,ocr_retry,0.58
FHB_FamilyHealthBureau_5sec01.pdf,PDF_EXTRACT_FHB_FamilyHealthBureau_5sec01.md,1,1,keyword_hits<1,0.2847,0,ocr_retry,0.47
FHB_FamilyHealthBureau_5sec02.pdf,PDF_EXTRACT_FHB_FamilyHealthBureau_5sec02.md,1,1,keyword_hits<1,0.2577,0,ocr_retry,0.35
FHB_FamilyHealthBureau_5sec03.pdf,PDF_EXTRACT_FHB_FamilyHealthBureau_5sec03.md,1,1,alpha_ratio<0.25;keyword_hits<1,0.2137,0,ocr_retry,0.40
FHB_FamilyHealthBureau_5sec04.pdf,PDF_EXTRACT_FHB_FamilyHealthBureau_5sec04.md,1,1,alpha_ratio<0.25;keyword_hits<1,0.2221,0,ocr_retry,0.42
FHB_FamilyHealthBureau_Sec-1-Performance-Evaluation-of-Public-Health-Midwife.pdf,PDF_EXTRACT_FHB_FamilyHealthBureau_Sec-1-Performance-Evaluation-of-Public-Health-Midwife.md,1,0,,0.4468,2,text_no_ocr,0.20
FHB_FamilyHealthBureau_Sec-1-Public-Health-Midwife-Basic-Information-Form.pdf,PDF_EXTRACT_FHB_FamilyHealthBureau_Sec-1-Public-Health-Midwife-Basic-Information-Form.md,1,1,keyword_hits<1,0.5385,0,ocr_retry,0.09
FHB_FamilyHealthBureau_Sec-1-Supervising-Public-Health-Midwife-SPHM-_-Office-Supervision.pdf,PDF_EXTRACT_FHB_FamilyHealthBureau_Sec-1-Supervising-Public-Health-Midwife-SPHM-_-Office-Supervision.md,1,1,keyword_hits<1,0.4451,0,ocr_retry,0.14
FHB_FamilyHealthBureau_Sec-1-Supervision-of-MOH-Office.pdf,PDF_EXTRACT_FHB_FamilyHealthBureau_Sec-1-Supervision-of-MOH-Office.md,1,0,,0.4418,3,text_no_ocr,0.27
FHB_FamilyHealthBureau_Sec-10-Supervision-of-a-poly-clinic.pdf,PDF_EXTRACT_FHB_FamilyHealthBureau_Sec-10-Supervision-of-a-poly-clinic.md,1,0,,0.5247,3,text_no_ocr,0.18
FHB_FamilyHealthBureau_Sec-11-Supervision-of-a-well-women-clinic.pdf,PDF_EXTRACT_FHB_FamilyHealthBureau_Sec-11-Supervision-of-a-well-women-clinic.md,1,1,keyword_hits<1,0.5711,0,ocr_retry,0.20
FHB_FamilyHealthBureau_Sec-12-Supervision-of-School-Health-services.pdf,PDF_EXTRACT_FHB_FamilyHealthBureau_Sec-12-Supervision-of-School-Health-services.md,1,0,,0.4040,2,text_no_ocr,0.27
FHB_FamilyHealthBureau_Sec-13-Supervision-Outcome-Report.pdf,PDF_EXTRACT_FHB_FamilyHealthBureau_Sec-13-Supervision-Outcome-Report.md,1,1,keyword_hits<1,0.3105,0,ocr_retry,0.13
FHB_FamilyHealthBureau_Sec-2-Performance-Evaluation-of-PHNS-SPHM.pdf,PDF_EXTRACT_FHB_FamilyHealthBureau_Sec-2-Performance-Evaluation-of-PHNS-SPHM.md,1,0,,0.4199,2,text_no_ocr,0.16
FHB_FamilyHealthBureau_Sec-2-Public-Health-Midwife-Annual-Supervision.pdf,PDF_EXTRACT_FHB_FamilyHealthBureau_Sec-2-Public-Health-Midwife-Annual-Supervision.md,1,0,,0.4265,2,text_no_ocr,0.14
FHB_FamilyHealthBureau_Sec-2-Public-Health-Nursing-Sister-PHNS-_-Office-Supervision.pdf,PDF_EXTRACT_FHB_FamilyHealthBureau_Sec-2-Public-Health-Nursing-Sister-PHNS-_-Office-Supervision.md,1,0,,0.4563,1,text_no_ocr,0.16
FHB_FamilyHealthBureau_Sec-2-Supervision-of-Hospital-RMNCAYH-services.pdf,PDF_EXTRACT_FHB_FamilyHealthBureau_Sec-2-Supervision-of-Hospital-RMNCAYH-services.md,1,0,,0.4251,1,text_no_ocr,0.29
FHB_FamilyHealthBureau_Sec-3-Performance-Evaluation-of-MOH-office-services.pdf,PDF_EXTRACT_FHB_FamilyHealthBureau_Sec-3-Performance-Evaluation-of-MOH-office-services.md,1,0,,0.3460,4,text_no_ocr,0.17
FHB_FamilyHealthBureau_Sec-3-Public-Health-Midwife-Office-Supervision.pdf,PDF_EXTRACT_FHB_FamilyHealthBureau_Sec-3-Public-Health-Midwife-Office-Supervision.md,1,0,,0.4337,2,text_no_ocr,0.20
FHB_FamilyHealthBureau_Sec-4-Antenatal-care-Office-Supervision.pdf,PDF_EXTRACT_FHB_FamilyHealthBureau_Sec-4-Antenatal-care-Office-Supervision.md,1,0,,0.4723,1,text_no_ocr,0.13
FHB_FamilyHealthBureau_Sec-4-Selection-of-best-performed-District-Maternal-Child-Health-Unit.pdf,PDF_EXTRACT_FHB_FamilyHealthBureau_Sec-4-Selection-of-best-performed-District-Maternal-Child-Health-Unit.md,1,0,,0.3357,3,text_no_ocr,0.24
FHB_FamilyHealthBureau_Sec-5-Postnatal-care-Office-Supervision.pdf,PDF_EXTRACT_FHB_FamilyHealthBureau_Sec-5-Postnatal-care-Office-Supervision.md,1,1,keyword_hits<1,0.4737,0,ocr_retry,0.13
FHB_FamilyHealthBureau_Sec-6-Infant-child-and-adolescent-care-office-supervision.pdf,PDF_EXTRACT_FHB_FamilyHealthBureau_Sec-6-Infant-child-and-adolescent-care-office-supervision.md,1,0,,0.4986,2,text_no_ocr,0.16
FHB_FamilyHealthBureau_Sec-7-Family-Planning-services-Office-Supervision.pdf,PDF_EXTRACT_FHB_FamilyHealthBureau_Sec-7-Family-Planning-services-Office-Supervision.md,1,1,keyword_hits<1,0.4662,0,ocr_retry,0.10
FHB_FamilyHealthBureau_Sec-8-Field-weighing-post-supervision.pdf,PDF_EXTRACT_FHB_FamilyHealthBureau_Sec-8-Field-weighing-post-supervision.md,1,1,keyword_hits<1,0.4224,0,ocr_retry,0.14
FHB_FamilyHealthBureau_Sec-9-Field-supervision-household-.pdf,PDF_EXTRACT_FHB_FamilyHealthBureau_Sec-9-Field-supervision-household-.md,1,0,,0.4428,2,text_no_ocr,0.22
FHB_FamilyHealthBureau_sec001.pdf,PDF_EXTRACT_FHB_FamilyHealthBureau_sec001.md,1,1,keyword_hits<1,0.2662,0,ocr_retry,0.74
FHB_FamilyHealthBureau_sec002.pdf,PDF_EXTRACT_FHB_FamilyHealthBureau_sec002.md,1,1,keyword_hits<1,0.2725,0,ocr_retry,0.88
FHB_FamilyHealthBureau_ST-2024-10-17.pdf,PDF_EXTRACT_FHB_FamilyHealthBureau_ST-2024-10-17.md,1,0,,0.2936,1,text_no_ocr,0.56
FHB_FamilyHealthBureau_ST-EnglishPara1.pdf,PDF_EXTRACT_FHB_FamilyHealthBureau_ST-EnglishPara1.md,1,0,,0.4732,2,text_no_ocr,0.31
MOH_Main_02-141-2025.pdf,PDF_EXTRACT_MOH_Main_02-141-2025.md,1,0,,0.9183,1,ocr_retry,0.79
MOH_Main_2025.06.19-_-_-_-_.pdf,PDF_EXTRACT_MOH_Main_2025.06.19-_-_-_-_.md,1,1,keyword_hits<1,0.6420,0,ocr_retry,0.23
MOH_Main_2025.09.03-_-_-_____-_-___.pdf,PDF_EXTRACT_MOH_Main_2025.09.03-_-_-_____-_-___.md,1,1,keyword_hits<1,0.6197,0,ocr_retry,0.27
MOH_Main_Batch4636.pdf,PDF_EXTRACT_MOH_Main_Batch4636.md,1,1,keyword_hits<1,0.2795,0,ocr_retry,0.26
MOH_Main_Digital-Health-Blue-Print-Full-Book-01.11.2023-Final.pdf,PDF_EXTRACT_MOH_Main_Digital-Health-Blue-Print-Full-Book-01.11.2023-Final.md,1,0,,0.4096,1,text_no_ocr,1.91
MOH_Main_Digital-Trans.pdf,PDF_EXTRACT_MOH_Main_Digital-Trans.md,1,1,keyword_hits<1,0.6479,0,ocr_retry,11.35
MOH_Main_Draft-Organization-Structure-16-10-2023-Minister.pdf,PDF_EXTRACT_MOH_Main_Draft-Organization-Structure-16-10-2023-Minister.md,1,1,text_chars<400;keyword_hits<1,0.6988,0,ocr_retry,0.09
MOH_Main_Information-security-gudeline_1.0-2.3.23.pdf,PDF_EXTRACT_MOH_Main_Information-security-gudeline_1.0-2.3.23.md,1,0,,0.9106,2,text_no_ocr,0.56
MOH_Main_Mental-Health-Service-Providers-Directory-2023.pdf,PDF_EXTRACT_MOH_Main_Mental-Health-Service-Providers-Directory-2023.md,1,1,keyword_hits<1,0.3874,0,ocr_retry,1.34
MOH_Main_NDHGS-v2.pdf,PDF_EXTRACT_MOH_Main_NDHGS-v2.md,1,0,,0.5567,4,text_no_ocr,1.01
MOH_Main_PDF387.pdf,PDF_EXTRACT_MOH_Main_PDF387.md,1,1,keyword_hits<1,0.8610,0,ocr_retry,0.13
MOH_Main_PDF406.pdf,PDF_EXTRACT_MOH_Main_PDF406.md,1,1,text_chars<400;alpha_ratio<0.25;keyword_hits<1,0.2006,0,ocr_retry,0.18
MOH_Main_Web-Submission-Form.pdf,PDF_EXTRACT_MOH_Main_Web-Submission-Form.md,1,1,keyword_hits<1,0.9499,0,ocr_retry,0.15
NHK_NationalHospitalKandy_procurement.pdf,PDF_EXTRACT_NHK_NationalHospitalKandy_procurement.md,1,1,keyword_hits<1,0.2826,0,ocr_retry,0.32
NHSL_NationalHospitalSL_Donations_to_NHSL_from_United_States.pdf,PDF_EXTRACT_NHSL_NationalHospitalSL_Donations_to_NHSL_from_United_States.md,1,1,keyword_hits<1,0.9235,0,ocr_retry,3.02
EPID_Immunization_en_643fbf99965af_en_643fb3a602ce1_VPD.pdf,PDF_EXTRACT_EPID_Immunization_en_643fbf99965af_en_643fb3a602ce1_VPD.md,0,0,,0.9098,5,text_no_ocr,0.13,0,0
EPID_Immunization_en_6895bbe31ca92_Chikungunya_-_Situation_Report_Updated_05-08-2025.pdf,PDF_EXTRACT_EPID_Immunization_en_6895bbe31ca92_Chikungunya_-_Situation_Report_Updated_05-08-2025.md,0,0,,0.8735,3,text_no_ocr,0.39,0,0
